Year,GEO,RATE_Professional occupations in education services [40]#Persons#thousands#14100312_StatsCanada,RATE_Transport and heavy equipment operation and related maintenance occupations [75]#Persons#thousands#14100312_StatsCanada,"RATE_Paraprofessional occupations in legal, social, community and education services [42]#Persons#thousands#14100312_StatsCanada",RATE_Middle management occupations in retail and wholesale trade and customer services [06]#Persons#thousands#14100312_StatsCanada,RATE_Office support occupations [14]#Persons#thousands#14100312_StatsCanada,RATE_Retail sales supervisors and specialized sales occupations [62]#Persons#thousands#14100312_StatsCanada
2001,"Abitibi-Témiscamingue, Quebec",3,4.6,,2.8,2.5,
2001,Alberta,61.9,74,32.5,66.4,86.5,44.9
2001,"Annapolis Valley, Nova Scotia",2.2,2.8,1.2,2.1,2.2,1.6
2001,"Avalon Peninsula, Newfoundland and Labrador",6.8,2.9,1.6,3.9,7.8,3.2
2001,"Banff-Jasper-Rocky Mountain House and Athabasca-Grande Prairie-Peace River, Alberta",3.9,12.3,2.3,6.3,5.7,4.3
2001,"Bas-Saint-Laurent, Quebec",5.3,4.4,2.5,3.6,3.4,2.2
2001,British Columbia,74.2,69.4,33.3,88.6,110.2,60.3
2001,"Calgary, Alberta",19.9,18.7,12.6,22.6,36.7,19
2001,"Campbellton-Miramichi, New Brunswick",2.4,3.6,1,2.4,2.4,2
2001,"Camrose-Drumheller, Alberta",2.5,6.3,,4.6,3.1,1.9
2001,Canada,577.5,553.8,303.2,615.5,820.1,413.5
2001,"Cape Breton, Nova Scotia",2.4,2.5,0.6,2.8,1.9,1.3
2001,"Capitale-Nationale, Quebec",11,9.4,8.7,8.3,16.3,8.6
2001,"Cariboo, British Columbia",3.2,3.5,1.5,3.1,2.6,2.6
2001,"Centre-du-Québec, Quebec",2.1,4.9,2.5,3.8,3.5,2.5
2001,"Chaudière-Appalaches, Quebec",7.7,6.9,4.7,6.3,6.5,4.9
2001,"Côte-Nord and Nord-du-Québec, Quebec",1.6,2.8,2.2,1.7,1.7,
2001,"Edmonton, Alberta",26.2,20.6,11.1,24.1,30.5,14.5
2001,"Edmundston-Woodstock, New Brunswick",1.3,1.9,0.5,1.5,0.9,0.8
2001,"Estrie, Quebec",6.7,5.6,3.1,4.3,4.3,1.9
2001,"Fredericton-Oromocto, New Brunswick",2.9,2.5,0.9,2.9,3,1.1
2001,"Gaspésie-Îles-de-la-Madeleine, Quebec",1.8,,,,,
2001,"Halifax, Nova Scotia",8.3,5.7,3.5,6.8,11.2,5.8
2001,"Hamilton-Niagara Peninsula, Ontario",26.4,24.7,11.8,28.1,34.5,19.2
2001,"Interlake, Manitoba",1.2,2,0.5,2,2.2,1
2001,"Kingston-Pembroke, Ontario",11,8.1,3.2,10.1,8.4,3.9
2001,"Kitchener-Waterloo-Barrie, Ontario",20,22.6,10.2,20,27.1,15.1
2001,"Kootenay, British Columbia",2.7,3.7,,4.1,3.6,1.5
2001,"Lanaudière, Quebec",7.1,10.1,5.3,5.5,8.7,6.6
2001,"Laurentides, Quebec",8.1,9.9,6.5,12,8.6,6.1
2001,"Laval, Quebec",5.6,4.9,5.8,9.4,9.1,3.8
2001,"Lethbridge-Medicine Hat, Alberta",4.2,7.4,2.1,5.1,3.9,2.2
2001,"London, Ontario",13.5,11.6,5.8,11.3,13.5,8.3
2001,"Lower Mainland-Southwest, British Columbia",42.7,37.1,19.5,52.5,74,40.2
2001,Manitoba,22.5,21.2,11.6,20.7,35.6,11.7
2001,"Mauricie, Quebec",5.3,4.9,2.5,4.7,4.7,2.8
2001,"Moncton-Richibucto, New Brunswick",3.1,4.2,0.9,3.2,5,3.2
2001,"Montréal, Quebec",35.4,14.6,19.3,39.6,53.2,23.8
2001,"Montérégie, Quebec",23.3,31.7,14.9,24.9,33.4,17.1
2001,"Muskoka-Kawarthas, Ontario",6.1,4.4,5.1,6.2,5.2,4.5
2001,New Brunswick,12.4,15.2,4.6,13,15.4,9.2
2001,Newfoundland and Labrador,10.4,8.7,3.4,7.5,11,4.9
2001,"North Coast and Nechako, British Columbia",2,2.6,,2.8,1.9,
2001,"North Shore, Nova Scotia",2.5,3.4,1,2.4,3.1,1.1
2001,"Northeast, British Columbia",,2.6,,,,
2001,"Northeast, Ontario",10.9,14,5.1,12.1,10.8,5.9
2001,"Northwest, Ontario",4.3,5.2,2.6,2.9,4.7,2.7
2001,Nova Scotia,17.5,16.6,7.4,16.2,19.7,10.8
2001,Ontario,220.8,198.9,112.7,244.8,344,170
2001,"Ottawa, Ontario",26.3,18.4,14,22.4,36,14.2
2001,"Outaouais, Quebec",5.8,5.1,4.6,3.9,13.4,2.5
2001,"Parklands and North, Manitoba",1.5,1.7,1.1,1.7,1.3,
2001,"Prince Albert and Northern, Saskatchewan",3.8,4.7,1.6,4,2.7,1.8
2001,Prince Edward Island,2.5,2.7,1.3,2.9,3.2,1.1
2001,Quebec,137.3,127.7,88.4,135.8,174.2,87.9
2001,"Red Deer, Alberta",2.4,4.4,2.3,2.5,3.9,1.9
2001,"Regina-Moose Mountain, Saskatchewan",5.1,5.3,2.4,6,8.5,4.4
2001,"Saguenay-Lac-Saint-Jean, Quebec",7.5,6.8,3.4,3.6,3.9,2.7
2001,"Saint John-St. Stephen, New Brunswick",2.7,3,1.3,3.1,4.2,2.2
2001,Saskatchewan,18.1,19.3,8,19.6,20.3,12.6
2001,"Saskatoon-Biggar, Saskatchewan",6.6,6.1,2.6,6.2,6.5,4.5
2001,"South Central and North Central, Manitoba",1.4,1.9,0.6,1.7,1.9,1
2001,"South Coast-Burin Peninsula and Notre Dame-Central Bonavista Bay, Newfoundland and Labrador",1.9,3.5,0.9,1.9,1.4,0.9
2001,"Southeast, Manitoba",1.3,2.6,0.8,1.5,2.4,1.1
2001,"Southern, Nova Scotia",2.1,2.1,1,2.1,1.3,1.1
2001,"Southwest, Manitoba",2.1,2.1,1.1,1.9,2.1,1.6
2001,"Stratford-Bruce Peninsula, Ontario",3.7,5.7,3.1,8.5,4.6,5
2001,"Swift Current-Moose Jaw, Saskatchewan",1.7,1.9,0.6,2,1.7,1
2001,"Thompson-Okanagan, British Columbia",9.5,9.4,2.8,11.2,9.7,6.3
2001,"Toronto, Ontario",87.4,73.3,47.2,113.8,186.9,84.1
2001,"Vancouver Island and Coast, British Columbia",13.2,10.6,7.4,13.7,17,8.4
2001,"West Coast-Northern Peninsula-Labrador, Newfoundland and Labrador",1.6,2.4,0.9,1.7,1.8,0.9
2001,"Windsor-Sarnia, Ontario",11.1,10.8,4.7,9.5,12.2,7.1
2001,"Winnipeg, Manitoba",15,10.9,7.6,11.9,25.6,6.7
2001,"Wood Buffalo-Cold Lake, Alberta",2.8,4.3,,,2.5,
2001,"Yorkton-Melville, Saskatchewan",1,1.2,0.8,1.4,0.9,0.9
2002,"Abitibi-Témiscamingue, Quebec",2.6,3.8,2,2.3,2.3,
2002,Alberta,63.3,73,29.3,68.8,91,49.2
2002,"Annapolis Valley, Nova Scotia",2.1,2.3,1.3,2.6,2.1,1.4
2002,"Avalon Peninsula, Newfoundland and Labrador",4.8,3.6,1.6,3.7,7.6,2.6
2002,"Banff-Jasper-Rocky Mountain House and Athabasca-Grande Prairie-Peace River, Alberta",4.5,12.1,2,6.5,5.5,3.9
2002,"Bas-Saint-Laurent, Quebec",3.8,3.8,2.9,4,2.9,
2002,British Columbia,75.2,72.7,38.7,86.5,106.3,62.4
2002,"Calgary, Alberta",20,23.5,11,25.6,38.6,18.4
2002,"Campbellton-Miramichi, New Brunswick",2.5,3,0.8,2.6,2.1,0.9
2002,"Camrose-Drumheller, Alberta",2.5,5.1,,5,5.4,1.8
2002,Canada,581.9,570.6,311.6,609,819.9,412.5
2002,"Cape Breton, Nova Scotia",2.6,2,1,2.1,1.5,1
2002,"Capitale-Nationale, Quebec",17.1,12.3,9.7,9.8,16,7.1
2002,"Cariboo, British Columbia",1.8,5.4,2,2.6,4.1,
2002,"Centre-du-Québec, Quebec",2.1,5.1,2.5,4.1,2.3,1.9
2002,"Chaudière-Appalaches, Quebec",6.8,8.8,4.8,6.7,6.5,5.1
2002,"Côte-Nord and Nord-du-Québec, Quebec",2.6,2.8,1.9,1.7,2,
2002,"Edmonton, Alberta",25.7,18.9,10.9,20.7,31.2,18.9
2002,"Edmundston-Woodstock, New Brunswick",0.8,2.4,0.9,1.9,1,0.6
2002,"Estrie, Quebec",8.1,4.5,3.7,5,4.1,2.8
2002,"Fredericton-Oromocto, New Brunswick",3,2.5,1.2,2.9,3.9,0.9
2002,"Gaspésie-Îles-de-la-Madeleine, Quebec",,,1.7,1.5,,
2002,"Halifax, Nova Scotia",8.6,5.7,3.2,7.6,11.6,7.2
2002,"Hamilton-Niagara Peninsula, Ontario",25.5,23.2,9.8,28.8,27.6,20.2
2002,"Interlake, Manitoba",1.4,1.9,0.6,1.8,2,0.9
2002,"Kingston-Pembroke, Ontario",7.6,9.6,5.9,9.8,10.6,3.4
2002,"Kitchener-Waterloo-Barrie, Ontario",23.1,19.1,11.5,22.2,27.6,16.4
2002,"Kootenay, British Columbia",3,3.2,,6,2.1,2.1
2002,"Lanaudière, Quebec",5.4,11,4.5,7.9,10.2,4.8
2002,"Laurentides, Quebec",9.1,7.7,5.7,12.2,9.9,5.8
2002,"Laval, Quebec",3.6,7.3,5,7.2,11.2,5.8
2002,"Lethbridge-Medicine Hat, Alberta",3.7,5.6,2.1,5.4,4.5,2.5
2002,"London, Ontario",11.9,12,5.9,11.1,15.5,8.8
2002,"Lower Mainland-Southwest, British Columbia",48.5,38.1,23.3,49.1,71.9,40.9
2002,Manitoba,21,22.2,10,20.8,35.5,12.9
2002,"Mauricie, Quebec",4.2,4.7,2.5,4.1,4.3,2.4
2002,"Moncton-Richibucto, New Brunswick",3.2,3.9,1,3.5,6.2,3.4
2002,"Montréal, Quebec",40.6,17.2,18.4,32.3,53.7,20.6
2002,"Montérégie, Quebec",24.4,27.2,18.8,21.7,31.7,19.2
2002,"Muskoka-Kawarthas, Ontario",3.7,10.8,4,6.4,5.6,4.6
2002,New Brunswick,12.4,15.1,5.3,13.5,17.4,7.6
2002,Newfoundland and Labrador,9.5,9.5,3,7.5,11.7,4.7
2002,"North Coast and Nechako, British Columbia",2.1,2.2,,1.7,2.2,
2002,"North Shore, Nova Scotia",2.7,3.8,0.9,2.4,2.7,1.8
2002,"Northeast, British Columbia",,2.3,,,,
2002,"Northeast, Ontario",11,11.6,6,11.3,11.8,6.2
2002,"Northwest, Ontario",4.8,5.5,2.6,3.6,4.3,2.5
2002,Nova Scotia,17.6,16.1,7.3,17.3,19.9,12.9
2002,Ontario,218,211.1,116.9,242.5,336.8,165.1
2002,"Ottawa, Ontario",21.9,16.9,15.7,17.4,36.5,15.4
2002,"Outaouais, Quebec",6.7,5.3,3.8,5.7,12.4,2.8
2002,"Parklands and North, Manitoba",1.4,1.5,0.8,1.8,1.1,0.8
2002,"Prince Albert and Northern, Saskatchewan",3.9,4.1,1.6,4.1,3.8,1.9
2002,Prince Edward Island,2.4,2.4,1.4,2.7,3.8,1.2
2002,Quebec,144.2,130,92.1,129.7,174.8,84.5
2002,"Red Deer, Alberta",3.7,3.7,1.6,3,3.2,2.3
2002,"Regina-Moose Mountain, Saskatchewan",5,5.1,2.2,5.7,9.7,3.8
2002,"Saguenay-Lac-Saint-Jean, Quebec",5.9,7.4,4.2,3.6,4,2.4
2002,"Saint John-St. Stephen, New Brunswick",2.9,3.3,1.5,2.7,4.2,1.9
2002,Saskatchewan,18.4,18.7,7.5,19.6,22.6,11.9
2002,"Saskatoon-Biggar, Saskatchewan",6.8,5,2.6,5.3,7.1,4.2
2002,"South Central and North Central, Manitoba",1.4,2.9,0.8,1.7,1.7,0.9
2002,"South Coast-Burin Peninsula and Notre Dame-Central Bonavista Bay, Newfoundland and Labrador",2.5,4,0.6,2,2.4,1.2
2002,"Southeast, Manitoba",1.2,2.6,0.8,1.3,2.5,0.5
2002,"Southern, Nova Scotia",1.7,2.3,0.9,2.5,1.9,1.4
2002,"Southwest, Manitoba",2.2,2.3,0.5,2,2.6,1.4
2002,"Stratford-Bruce Peninsula, Ontario",4.5,4.8,,7.1,7.3,5.6
2002,"Swift Current-Moose Jaw, Saskatchewan",1.8,2.5,0.7,2.6,1.1,0.9
2002,"Thompson-Okanagan, British Columbia",7,10.4,3.8,11.6,8.9,6.8
2002,"Toronto, Ontario",93,85.9,49.2,113.6,178.6,75.6
2002,"Vancouver Island and Coast, British Columbia",12.3,11.1,6.4,14,16,9.5
2002,"West Coast-Northern Peninsula-Labrador, Newfoundland and Labrador",2.1,1.9,0.7,1.8,1.7,0.9
2002,"Windsor-Sarnia, Ontario",11.1,11.7,4.9,11.3,11.4,6.3
2002,"Winnipeg, Manitoba",13.4,10.9,6.5,12.3,25.6,8.3
2002,"Wood Buffalo-Cold Lake, Alberta",3.2,4.2,,2.5,2.6,
2002,"Yorkton-Melville, Saskatchewan",1,2,,1.9,0.9,1
2003,"Abitibi-Témiscamingue, Quebec",3,3.5,2,2,3,1.6
2003,Alberta,56.8,77.8,33.4,62.9,97.6,51.8
2003,"Annapolis Valley, Nova Scotia",2.6,3.2,1.2,2.5,2,1.3
2003,"Avalon Peninsula, Newfoundland and Labrador",5.4,3.7,1.7,5,7,2.4
2003,"Banff-Jasper-Rocky Mountain House and Athabasca-Grande Prairie-Peace River, Alberta",3.4,12.8,3,6.4,5.5,3.5
2003,"Bas-Saint-Laurent, Quebec",3.5,3.9,3.1,3.1,2.9,1.7
2003,British Columbia,79.6,75.7,37,88.9,106.6,60.3
2003,"Calgary, Alberta",16.6,21.7,11.5,20.3,43.3,22.8
2003,"Campbellton-Miramichi, New Brunswick",1.9,3,0.7,2,3,1.4
2003,"Camrose-Drumheller, Alberta",4.3,5.8,,5.7,4.1,1.6
2003,Canada,595.2,586.6,324.6,609.3,840,442
2003,"Cape Breton, Nova Scotia",2.5,1.7,0.7,1.7,1.6,0.9
2003,"Capitale-Nationale, Quebec",18.9,12.5,10.8,11.3,16.9,6.8
2003,"Cariboo, British Columbia",2.2,4.5,1.7,2.3,4.6,
2003,"Centre-du-Québec, Quebec",3.1,5,3.1,4.6,4.1,4.3
2003,"Chaudière-Appalaches, Quebec",6.6,8.5,5.9,6,6.9,5.4
2003,"Côte-Nord and Nord-du-Québec, Quebec",2.8,3.2,1.6,,1.7,
2003,"Edmonton, Alberta",23.8,22.5,11.7,20.4,34.1,16.8
2003,"Edmundston-Woodstock, New Brunswick",1.1,1.9,0.6,1.7,1.4,0.5
2003,"Estrie, Quebec",7.5,5.3,4.1,5,6,2.1
2003,"Fredericton-Oromocto, New Brunswick",3,2.8,1.6,2.3,3.9,1.7
2003,"Gaspésie-Îles-de-la-Madeleine, Quebec",1.5,1.6,,1.6,,
2003,"Halifax, Nova Scotia",9.8,5.9,4.2,7.2,11.6,6.3
2003,"Hamilton-Niagara Peninsula, Ontario",23.3,24.1,10.8,26,32.8,22.1
2003,"Interlake, Manitoba",1.3,2.2,0.7,1.8,2.6,0.9
2003,"Kingston-Pembroke, Ontario",9.6,8.2,5.7,7.9,11,5.1
2003,"Kitchener-Waterloo-Barrie, Ontario",19.6,21.2,11.6,18.3,27.9,20.6
2003,"Kootenay, British Columbia",2.8,3.5,1.7,4.1,2,2.3
2003,"Lanaudière, Quebec",7.4,8.6,6,5,10.3,7.9
2003,"Laurentides, Quebec",8.8,9.5,6.4,11.7,11.6,7.5
2003,"Laval, Quebec",5.2,6.5,4.4,6.9,9.6,5.5
2003,"Lethbridge-Medicine Hat, Alberta",3.6,6.2,3.4,3.6,4.9,3.4
2003,"London, Ontario",12.6,12,8.6,12.8,17.9,8.5
2003,"Lower Mainland-Southwest, British Columbia",50.5,40.1,22,51.3,71.8,41.2
2003,Manitoba,21.6,21.8,11.7,22.1,35.4,14.1
2003,"Mauricie, Quebec",5,5.6,2.7,4.6,4.7,2.4
2003,"Moncton-Richibucto, New Brunswick",3.7,3.7,1.1,3.8,5.6,2.6
2003,"Montréal, Quebec",42,21.2,25.5,35.1,52.7,26.9
2003,"Montérégie, Quebec",24.1,28.9,14.3,24.1,36.3,15.5
2003,"Muskoka-Kawarthas, Ontario",5,9.6,3.2,7.7,6.3,3.3
2003,New Brunswick,12,14.4,5.6,12.5,18.2,8.4
2003,Newfoundland and Labrador,9.7,9,3.2,9.8,10.7,5
2003,"North Coast and Nechako, British Columbia",1.9,2.4,,,1.8,
2003,"North Shore, Nova Scotia",2.4,4.2,0.7,2.4,3.5,1.9
2003,"Northeast, British Columbia",,3.7,,,,
2003,"Northeast, Ontario",10.6,13.2,7.1,9.5,11.3,6.2
2003,"Northwest, Ontario",5.1,5.4,2.4,4.8,6.5,2.8
2003,Nova Scotia,19.1,17.1,7.6,16,20.7,11.6
2003,Ontario,218.8,213.8,116.5,242,339.9,179.7
2003,"Ottawa, Ontario",24.2,20,13.7,20.7,38.2,13.9
2003,"Outaouais, Quebec",7.1,5.6,4.1,5.4,12.3,4.2
2003,"Parklands and North, Manitoba",1.8,1.5,0.9,1.7,1.2,0.9
2003,"Prince Albert and Northern, Saskatchewan",3.8,4.1,2.1,4.5,3.7,2.2
2003,Prince Edward Island,2.6,2.6,1.1,2.6,3.4,1.3
2003,Quebec,153.4,136,100,131.9,184.3,95.3
2003,"Red Deer, Alberta",2.6,4.5,2,4.2,3.5,2.6
2003,"Regina-Moose Mountain, Saskatchewan",6.2,4.9,2.4,6.3,9.1,4.9
2003,"Saguenay-Lac-Saint-Jean, Quebec",6.8,6.9,5,4.3,4.3,2.2
2003,"Saint John-St. Stephen, New Brunswick",2.4,3.1,1.7,2.6,4.3,2.2
2003,Saskatchewan,21.4,18.3,8.3,20.6,23.1,14.4
2003,"Saskatoon-Biggar, Saskatchewan",7.9,5.6,2.6,6,7.1,4.4
2003,"South Central and North Central, Manitoba",1.2,2.2,1,1.6,1.8,0.9
2003,"South Coast-Burin Peninsula and Notre Dame-Central Bonavista Bay, Newfoundland and Labrador",1.8,3.3,0.7,2.6,2.1,1.7
2003,"Southeast, Manitoba",1.3,3.2,1.5,1.8,2.8,0.8
2003,"Southern, Nova Scotia",1.9,2.1,0.8,2.3,2,1.3
2003,"Southwest, Manitoba",2.2,2.2,1,2.1,1.9,1.3
2003,"Stratford-Bruce Peninsula, Ontario",3.8,5.6,3.3,6.5,7.1,4.4
2003,"Swift Current-Moose Jaw, Saskatchewan",2.3,1.7,0.7,2.3,2,1.8
2003,"Thompson-Okanagan, British Columbia",8.3,11.3,3.9,12.9,8.6,5.3
2003,"Toronto, Ontario",92.5,82.3,45.3,116.1,171.3,86.1
2003,"Vancouver Island and Coast, British Columbia",12.5,10.2,5.9,15.9,16.5,8.3
2003,"West Coast-Northern Peninsula-Labrador, Newfoundland and Labrador",2.5,1.9,0.9,2.3,1.6,0.9
2003,"Windsor-Sarnia, Ontario",12.5,12.3,4.6,11.7,9.6,6.6
2003,"Winnipeg, Manitoba",13.9,10.4,6.6,13.1,25,9.3
2003,"Wood Buffalo-Cold Lake, Alberta",2.5,4.2,,2.3,2.2,
2003,"Yorkton-Melville, Saskatchewan",1.2,2,0.6,1.5,1,1.1
2004,"Abitibi-Témiscamingue, Quebec",3.2,4.5,2.2,1.8,2.5,
2004,Alberta,56.2,72.9,32.8,63.8,103,54.5
2004,"Annapolis Valley, Nova Scotia",3,2.7,0.9,2.3,2.9,1.1
2004,"Avalon Peninsula, Newfoundland and Labrador",5.8,2.9,1.6,3.8,7.5,3.7
2004,"Banff-Jasper-Rocky Mountain House and Athabasca-Grande Prairie-Peace River, Alberta",4.4,12.9,3,6.5,6.3,4.4
2004,"Bas-Saint-Laurent, Quebec",4.4,5.1,3,3.1,3.6,1.9
2004,British Columbia,71.4,76.6,38.1,94,105,55.8
2004,"Calgary, Alberta",15.3,20,12.2,23.5,44.6,21.6
2004,"Campbellton-Miramichi, New Brunswick",2.6,3.2,1,2.1,2.7,1.1
2004,"Camrose-Drumheller, Alberta",3.5,5.4,,3.2,3.2,2.4
2004,Canada,595.2,589.7,305.6,620.1,874.9,436.9
2004,"Cape Breton, Nova Scotia",2.6,2.4,0.9,1.5,2,1.3
2004,"Capitale-Nationale, Quebec",15.5,13.5,7.6,11.6,14.2,7.7
2004,"Cariboo, British Columbia",1.8,4.9,,4.1,4.5,1.7
2004,"Centre-du-Québec, Quebec",2.9,5.7,2.8,4,3.9,3.2
2004,"Chaudière-Appalaches, Quebec",5.5,9.4,3.5,8.4,7.9,6
2004,"Côte-Nord and Nord-du-Québec, Quebec",3.4,2.3,1.5,2.1,2.1,
2004,"Edmonton, Alberta",22.9,20.4,11.6,19.6,39.5,18.3
2004,"Edmundston-Woodstock, New Brunswick",1.4,2.3,0.5,1.3,0.9,0.8
2004,"Estrie, Quebec",7,4.8,2.7,4.6,5.2,3.1
2004,"Fredericton-Oromocto, New Brunswick",3.1,2.4,1.5,2.1,4.1,2.1
2004,"Gaspésie-Îles-de-la-Madeleine, Quebec",,1.9,,,,
2004,"Halifax, Nova Scotia",10.2,6.1,3.3,8,12.4,6.7
2004,"Hamilton-Niagara Peninsula, Ontario",27.1,24.7,12.3,29.1,33.3,17.5
2004,"Interlake, Manitoba",1.6,2.2,0.9,1.5,1.9,1.1
2004,"Kingston-Pembroke, Ontario",8.2,9.8,5,8.8,9.6,4.4
2004,"Kitchener-Waterloo-Barrie, Ontario",24.1,20.8,9.9,22,29.8,16
2004,"Kootenay, British Columbia",,3.7,1.5,3.4,2.5,1.5
2004,"Lanaudière, Quebec",8.6,9.1,4.9,5.6,8.9,6.5
2004,"Laurentides, Quebec",10.2,10.5,6.9,13.8,13,8.5
2004,"Laval, Quebec",6.3,5.3,3.3,7.9,11.1,6.4
2004,"Lethbridge-Medicine Hat, Alberta",4.8,5.5,2.7,4.5,4.2,4
2004,"London, Ontario",13.4,14.1,6.3,13.2,18.8,8.2
2004,"Lower Mainland-Southwest, British Columbia",46.1,41.1,22.4,54,68.7,35.2
2004,Manitoba,22.3,21.2,13.1,19.7,37,13.8
2004,"Mauricie, Quebec",4.8,5.2,2.4,4.4,5,2.2
2004,"Moncton-Richibucto, New Brunswick",4.1,5,1.8,2.9,5.9,2.6
2004,"Montréal, Quebec",47.3,21.9,21.1,32.1,57.6,23.2
2004,"Montérégie, Quebec",22.7,26.1,17.5,20.4,42.5,17.4
2004,"Muskoka-Kawarthas, Ontario",7,7.6,3.9,9.9,7,4.4
2004,New Brunswick,14.2,16.2,6.6,11.1,18.2,8.7
2004,Newfoundland and Labrador,9.8,8.8,3,7.8,10.7,5.4
2004,"North Coast and Nechako, British Columbia",1.7,1.6,1.6,1.6,,
2004,"North Shore, Nova Scotia",3.3,4.4,1.4,2.2,3.6,1.3
2004,"Northeast, British Columbia",,2.8,,,,
2004,"Northeast, Ontario",10.5,11.3,4.6,12,11.9,6.8
2004,"Northwest, Ontario",5.1,6.2,3,4.4,6.1,2.4
2004,Nova Scotia,21.3,18,7.3,15.7,22.9,11.8
2004,Ontario,219,215.5,106.8,253.9,353.4,175.5
2004,"Ottawa, Ontario",22,16.7,11.6,22.8,35.5,16
2004,"Outaouais, Quebec",7.3,5.9,4.5,6.4,13.3,3.6
2004,"Parklands and North, Manitoba",2,2.1,0.7,1.6,1.2,0.8
2004,"Prince Albert and Northern, Saskatchewan",5.3,5,1.5,4,3.8,2.5
2004,Prince Edward Island,2.7,2.5,1.5,2.6,4,1.5
2004,Quebec,156.9,137.7,88.7,132,197,95.2
2004,"Red Deer, Alberta",3,4.2,2,4.3,3.7,2.6
2004,"Regina-Moose Mountain, Saskatchewan",5.7,5.3,2,5.7,9.3,5.1
2004,"Saguenay-Lac-Saint-Jean, Quebec",6.4,6.3,3.7,4.5,5.1,3.1
2004,"Saint John-St. Stephen, New Brunswick",3.1,3.2,1.8,2.7,4.6,2.2
2004,Saskatchewan,21.4,20.3,7.6,19.6,23.7,14.7
2004,"Saskatoon-Biggar, Saskatchewan",7.3,5.8,2.9,6.1,7.4,3.9
2004,"South Central and North Central, Manitoba",1.5,2.7,0.7,1.7,1.9,1
2004,"South Coast-Burin Peninsula and Notre Dame-Central Bonavista Bay, Newfoundland and Labrador",2.4,3.5,0.8,2.1,1.8,1
2004,"Southeast, Manitoba",1.1,3,1,2,2.2,1.1
2004,"Southern, Nova Scotia",2.2,2.5,1,1.8,2,1.5
2004,"Southwest, Manitoba",2.3,2.4,1.2,2.1,2.5,1.4
2004,"Stratford-Bruce Peninsula, Ontario",3.3,8.3,3.3,5.6,7.1,3.1
2004,"Swift Current-Moose Jaw, Saskatchewan",1.9,2.2,0.7,1.9,2.2,1.7
2004,"Thompson-Okanagan, British Columbia",8.6,10,4.5,12.9,10.3,5.9
2004,"Toronto, Ontario",87.3,83.1,42.1,114.2,180.6,90.4
2004,"Vancouver Island and Coast, British Columbia",10.7,12.5,6.1,17.1,16.4,9.8
2004,"West Coast-Northern Peninsula-Labrador, Newfoundland and Labrador",1.6,2.4,0.5,1.9,1.4,0.7
2004,"Windsor-Sarnia, Ontario",11,12.7,4.9,11.9,13.7,6.2
2004,"Winnipeg, Manitoba",13.7,8.8,8.6,10.9,27.2,8.3
2004,"Wood Buffalo-Cold Lake, Alberta",2.3,4.4,,2.1,1.6,
2004,"Yorkton-Melville, Saskatchewan",1.2,2,0.5,1.9,1.1,1.3
2005,"Abitibi-Témiscamingue, Quebec",2.9,2.8,2.1,1.9,3,1.7
2005,Alberta,62.9,76.6,30.2,67.9,100.5,57
2005,"Annapolis Valley, Nova Scotia",2.4,3.3,1.2,1.7,1.3,1.3
2005,"Avalon Peninsula, Newfoundland and Labrador",6.1,3.6,1.5,3.8,6.1,3.7
2005,"Banff-Jasper-Rocky Mountain House and Athabasca-Grande Prairie-Peace River, Alberta",5,11.9,2.4,6.6,8,4.3
2005,"Bas-Saint-Laurent, Quebec",3.8,5.4,2.4,3.4,4.1,
2005,British Columbia,78.9,77.3,39.6,93.6,111.1,63.6
2005,"Calgary, Alberta",21.5,22.8,9.5,26,40,20.9
2005,"Campbellton-Miramichi, New Brunswick",2.7,3.3,1.3,2.6,3.1,1.6
2005,"Camrose-Drumheller, Alberta",3,5.9,1.8,4.6,4.1,2.4
2005,Canada,640.9,581.6,317.5,647.1,855,454.6
2005,"Cape Breton, Nova Scotia",3.4,1.8,0.8,2.5,3,1.6
2005,"Capitale-Nationale, Quebec",14.5,11.4,8.7,11.1,18.4,7.1
2005,"Cariboo, British Columbia",3.2,3.6,1.7,2.7,3.3,2.6
2005,"Centre-du-Québec, Quebec",3.2,6.3,2.5,2.6,3.6,3.1
2005,"Chaudière-Appalaches, Quebec",5.6,7.8,6,7.6,11.4,4.4
2005,"Côte-Nord and Nord-du-Québec, Quebec",2.2,3,,,1.6,
2005,"Edmonton, Alberta",23.4,19.2,12.1,22.7,36.1,20
2005,"Edmundston-Woodstock, New Brunswick",1.4,2.5,0.7,1.2,1.2,0.8
2005,"Estrie, Quebec",7.9,6.1,3.6,5.5,6,3.8
2005,"Fredericton-Oromocto, New Brunswick",3.5,2.7,1.4,2,3.9,2.3
2005,"Gaspésie-Îles-de-la-Madeleine, Quebec",,1.5,,1.6,,
2005,"Halifax, Nova Scotia",8.4,5.4,3.3,7.8,13.1,6.9
2005,"Hamilton-Niagara Peninsula, Ontario",28.9,25,11.6,29.9,31.9,20.1
2005,"Interlake, Manitoba",1.5,2.4,1.3,1.2,2.9,1.2
2005,"Kingston-Pembroke, Ontario",10.2,10,5.5,6.2,10.3,4
2005,"Kitchener-Waterloo-Barrie, Ontario",25.1,24.5,12.4,25.1,27.5,15
2005,"Kootenay, British Columbia",1.7,2.9,,2.9,2.1,1.7
2005,"Lanaudière, Quebec",8.9,7.1,3.7,8.6,9.6,4.9
2005,"Laurentides, Quebec",9,10.9,7.2,15.9,13.4,9.6
2005,"Laval, Quebec",7,7.5,3.2,7.5,9.4,5.7
2005,"Lethbridge-Medicine Hat, Alberta",5.2,7.4,2.3,4.1,5.5,5.7
2005,"London, Ontario",16.1,13.9,5.7,12,16.7,7.2
2005,"Lower Mainland-Southwest, British Columbia",54,46,22.1,54.4,74.4,38.1
2005,Manitoba,24.1,20.9,12,21.2,35.4,15.5
2005,"Mauricie, Quebec",5.4,4.2,3.1,4.2,5.6,2.9
2005,"Moncton-Richibucto, New Brunswick",4.3,3.9,1.2,3.1,6.6,2.8
2005,"Montréal, Quebec",43.6,17.5,19.2,42.8,48.3,30.1
2005,"Montérégie, Quebec",28.2,24.2,16.4,21.8,35.7,19
2005,"Muskoka-Kawarthas, Ontario",6.7,7.7,3.6,8.2,6.3,5.3
2005,New Brunswick,15.1,15.5,6.2,11.9,18.5,10.5
2005,Newfoundland and Labrador,10.4,9.3,2.6,7.4,9.7,6.5
2005,"North Coast and Nechako, British Columbia",1.7,2.3,,1.7,1.5,
2005,"North Shore, Nova Scotia",3,3.6,1.5,2.8,3.3,1.8
2005,"Northeast, British Columbia",,2.9,,,,
2005,"Northeast, Ontario",11.7,11.5,5.9,10.4,12.1,6.5
2005,"Northwest, Ontario",5.5,5.9,2.3,5.7,4.6,1.8
2005,Nova Scotia,18.9,16.1,7.6,16.4,22.7,13.3
2005,Ontario,250.9,215,120,264,339.2,170.1
2005,"Ottawa, Ontario",27.8,15.2,13.6,21.9,35.6,14.4
2005,"Outaouais, Quebec",7.4,5.6,5.6,4.9,14.6,3.3
2005,"Parklands and North, Manitoba",1.8,1.2,1.2,1.5,1.7,0.8
2005,"Prince Albert and Northern, Saskatchewan",3.8,5.2,1.6,3.4,3,2.7
2005,Prince Edward Island,2.8,2.9,1.4,2.2,3.9,1.6
2005,Quebec,156.5,127.1,89.2,145,190.7,101.5
2005,"Red Deer, Alberta",2.6,4.8,1.5,1.8,4.5,2.7
2005,"Regina-Moose Mountain, Saskatchewan",5.2,5.7,3.2,5.3,10.3,4.8
2005,"Saguenay-Lac-Saint-Jean, Quebec",5.5,5.8,2.6,4.4,5.3,3.4
2005,"Saint John-St. Stephen, New Brunswick",3.2,3.1,1.6,2.9,3.7,3
2005,Saskatchewan,20.4,21.1,8.7,17.5,23.4,15.1
2005,"Saskatoon-Biggar, Saskatchewan",8.2,6.3,2.7,5.3,7,4.7
2005,"South Central and North Central, Manitoba",1.7,2.7,0.7,1.8,2,1.1
2005,"South Coast-Burin Peninsula and Notre Dame-Central Bonavista Bay, Newfoundland and Labrador",2.1,2.9,0.5,1.8,1.9,1.4
2005,"Southeast, Manitoba",1.3,2.8,0.6,2.2,2.8,1.1
2005,"Southern, Nova Scotia",1.7,2.1,0.7,1.7,1.9,1.7
2005,"Southwest, Manitoba",1.7,2.3,1.1,2.5,1.7,1
2005,"Stratford-Bruce Peninsula, Ontario",5.7,6.7,2.3,6.4,4.9,2.8
2005,"Swift Current-Moose Jaw, Saskatchewan",1.8,2.2,0.7,1.8,1.9,1.8
2005,"Thompson-Okanagan, British Columbia",5.8,8.1,5.9,13.7,10.7,7.4
2005,"Toronto, Ontario",100.9,82.3,51.6,125.7,175.8,86.4
2005,"Vancouver Island and Coast, British Columbia",11.8,11.4,7.3,16.7,18.1,11.5
2005,"West Coast-Northern Peninsula-Labrador, Newfoundland and Labrador",2.2,2.8,0.6,1.7,1.7,1.4
2005,"Windsor-Sarnia, Ontario",12.4,12.3,5.6,12.6,13.6,6.6
2005,"Winnipeg, Manitoba",16.1,9.4,7.1,12.1,24.3,10.3
2005,"Wood Buffalo-Cold Lake, Alberta",2.1,4.6,,2,2.3,
2005,"Yorkton-Melville, Saskatchewan",1.4,1.8,,1.8,1.2,1.1
2006,"Abitibi-Témiscamingue, Quebec",3.6,3,2.1,2.2,2.3,2.1
2006,Alberta,71.5,77.8,32.3,66.7,107.9,55.3
2006,"Annapolis Valley, Nova Scotia",2.2,2.7,1.4,2.2,2.1,1.1
2006,"Avalon Peninsula, Newfoundland and Labrador",5.9,3.8,1.8,4.6,5.3,3.4
2006,"Banff-Jasper-Rocky Mountain House and Athabasca-Grande Prairie-Peace River, Alberta",4.7,12.2,2.8,7.5,6.9,5.3
2006,"Bas-Saint-Laurent, Quebec",3.7,7.3,2.6,3,3.3,1.7
2006,British Columbia,85.9,76.7,42.8,94.3,107.2,67.7
2006,"Calgary, Alberta",24.5,17.4,11.5,27.2,42.3,22.7
2006,"Campbellton-Miramichi, New Brunswick",2.9,2.9,1.2,2.4,3.1,1.8
2006,"Camrose-Drumheller, Alberta",4.8,6.3,1.6,3.3,5.4,2.4
2006,Canada,671.1,597,336.7,653.7,894.3,477.7
2006,"Cape Breton, Nova Scotia",2.6,2.4,0.7,1.7,2.2,0.9
2006,"Capitale-Nationale, Quebec",14.8,10.5,10.1,12.2,24.8,8.5
2006,"Cariboo, British Columbia",2.5,4,2.9,3.2,3.1,2.1
2006,"Centre-du-Québec, Quebec",5,5.4,1.9,3.5,4,2.7
2006,"Chaudière-Appalaches, Quebec",5.7,8.1,6.3,5.9,9.2,5.4
2006,"Côte-Nord and Nord-du-Québec, Quebec",2.2,3.1,2,2.1,1.6,
2006,"Edmonton, Alberta",27.8,26,11.8,17.8,40.4,17.9
2006,"Edmundston-Woodstock, New Brunswick",1.5,3,0.5,1.5,1.2,0.8
2006,"Estrie, Quebec",8.7,6,3.6,5,6.7,4.4
2006,"Fredericton-Oromocto, New Brunswick",4,1.9,0.7,2.7,3.3,1.4
2006,"Gaspésie-Îles-de-la-Madeleine, Quebec",1.5,1.6,,,,
2006,"Halifax, Nova Scotia",8,5.6,4.4,8.6,12.6,7.2
2006,"Hamilton-Niagara Peninsula, Ontario",30,25.9,12.3,30.7,33.6,22.7
2006,"Interlake, Manitoba",1.9,2.5,0.9,1.9,2.5,1.2
2006,"Kingston-Pembroke, Ontario",10.9,7.7,4.8,10.3,8.3,3.7
2006,"Kitchener-Waterloo-Barrie, Ontario",24.1,24.8,10.8,25,33.2,19.3
2006,"Kootenay, British Columbia",1.6,2.7,,4.2,2.4,2.3
2006,"Lanaudière, Quebec",8.1,8.7,4.9,8.5,12.2,5.3
2006,"Laurentides, Quebec",12.4,10,5.6,13.8,10.5,9
2006,"Laval, Quebec",6.7,6,4.1,8.1,15.2,6
2006,"Lethbridge-Medicine Hat, Alberta",5.4,6.3,2,4,6.3,3.4
2006,"London, Ontario",17,12.4,5.5,10.6,17.3,9.1
2006,"Lower Mainland-Southwest, British Columbia",58.7,40.7,25.6,55.4,71.8,43.9
2006,Manitoba,23.6,24,14.3,19.9,36.2,15
2006,"Mauricie, Quebec",4.7,3.7,2.6,5.5,4.9,2.6
2006,"Moncton-Richibucto, New Brunswick",3.6,4.1,1.1,4.1,5.1,3
2006,"Montréal, Quebec",45.5,20.7,23.6,36,60.8,29.6
2006,"Montérégie, Quebec",25.5,27.4,22.4,22.4,36.7,18.9
2006,"Muskoka-Kawarthas, Ontario",8.6,7.2,3.5,7.6,6.4,5
2006,New Brunswick,15.1,15,4.8,13.2,16.6,9.6
2006,Newfoundland and Labrador,9.3,9.6,2.9,8.4,8.6,5.3
2006,"North Coast and Nechako, British Columbia",2,2.7,,,1.6,
2006,"North Shore, Nova Scotia",3.2,3.3,0.9,3.7,3.6,1.6
2006,"Northeast, British Columbia",,3.8,,,1.5,
2006,"Northeast, Ontario",11.1,13.4,5.7,11.1,12.6,6
2006,"Northwest, Ontario",4.7,5.4,2.4,4.8,4.9,1.9
2006,Nova Scotia,18.1,15.9,8,19.3,22.5,11.9
2006,Ontario,262.8,219.2,120.5,270.4,357.3,192.4
2006,"Ottawa, Ontario",28.8,16.4,13.9,22.7,40.6,16.3
2006,"Outaouais, Quebec",7.4,6.9,4.8,6.5,13.3,3.7
2006,"Parklands and North, Manitoba",1.4,2,0.8,1.5,1.6,1.2
2006,"Prince Albert and Northern, Saskatchewan",4.9,5.8,1.4,3.8,3,2.5
2006,Prince Edward Island,2.4,2.6,1.3,2.3,3.2,1.5
2006,Quebec,161.5,134.4,101.2,140.3,210.5,105
2006,"Red Deer, Alberta",2.5,5.4,1.6,4.3,4.2,2.8
2006,"Regina-Moose Mountain, Saskatchewan",5.6,5.2,3,5.2,10.1,4.8
2006,"Saguenay-Lac-Saint-Jean, Quebec",5.9,6,3.2,4,4,3.2
2006,"Saint John-St. Stephen, New Brunswick",3.1,3.1,1.3,2.5,3.9,2.7
2006,Saskatchewan,21,21.9,8.6,18.9,24.3,14.2
2006,"Saskatoon-Biggar, Saskatchewan",6.8,6.9,2.9,6.2,8.1,4.6
2006,"South Central and North Central, Manitoba",1.6,3.2,1,1.6,2,1.1
2006,"South Coast-Burin Peninsula and Notre Dame-Central Bonavista Bay, Newfoundland and Labrador",2.1,3.9,0.6,2.2,1.7,1.1
2006,"Southeast, Manitoba",2.2,3.4,0.7,2.3,1.8,1.7
2006,"Southern, Nova Scotia",2,1.9,0.6,3.1,1.9,1
2006,"Southwest, Manitoba",2.2,2.3,1.3,2.1,1.8,1.2
2006,"Stratford-Bruce Peninsula, Ontario",4.8,6.4,2.1,6.8,5.9,3.1
2006,"Swift Current-Moose Jaw, Saskatchewan",1.9,2.4,0.9,2.2,1.9,1.1
2006,"Thompson-Okanagan, British Columbia",7.8,8.9,5.3,12,10.1,6.4
2006,"Toronto, Ontario",111.9,87.6,52.7,128.1,182.8,97.1
2006,"Vancouver Island and Coast, British Columbia",12.6,13.8,6.9,17.2,16.6,10.5
2006,"West Coast-Northern Peninsula-Labrador, Newfoundland and Labrador",1.4,1.9,0.5,1.6,1.7,0.7
2006,"Windsor-Sarnia, Ontario",10.8,12,6.8,12.8,11.7,8.1
2006,"Winnipeg, Manitoba",14.3,10.5,9.6,10.5,26.3,8.7
2006,"Wood Buffalo-Cold Lake, Alberta",1.9,4.1,,2.5,2.4,
2006,"Yorkton-Melville, Saskatchewan",1.7,1.6,,1.6,1.1,1.2
2007,"Abitibi-Témiscamingue, Quebec",3,3,1.6,2.5,2.9,1.6
2007,Alberta,72,85,32.8,68.9,110.2,57.5
2007,"Annapolis Valley, Nova Scotia",2.1,2.7,1,2.2,2.8,1.5
2007,"Avalon Peninsula, Newfoundland and Labrador",6.3,3,2.6,4.6,6.4,2.8
2007,"Banff-Jasper-Rocky Mountain House and Athabasca-Grande Prairie-Peace River, Alberta",4.8,12.1,3,7.8,8.3,4.3
2007,"Bas-Saint-Laurent, Quebec",2.7,4.3,2.6,3.1,3,2.2
2007,British Columbia,88,82.9,42.2,94.1,110.7,67.2
2007,"Calgary, Alberta",22.1,23.8,10.7,27.4,44.6,26.6
2007,"Campbellton-Miramichi, New Brunswick",3,3.2,1,2.8,3.3,1.3
2007,"Camrose-Drumheller, Alberta",3.7,7.7,,3.4,4.9,3
2007,Canada,678.2,618,345.1,645.1,887.7,483.8
2007,"Cape Breton, Nova Scotia",2.8,2.4,0.8,1.8,2.2,1.4
2007,"Capitale-Nationale, Quebec",16.7,13.2,9,8.5,18.8,9.4
2007,"Cariboo, British Columbia",2.8,5.1,2.3,3.2,3.3,2.3
2007,"Centre-du-Québec, Quebec",3.7,4.2,3.3,4.3,4.4,2.3
2007,"Chaudière-Appalaches, Quebec",6.9,10.1,4.8,5.8,9.2,5.9
2007,"Côte-Nord and Nord-du-Québec, Quebec",1.5,2.4,,1.8,2,
2007,"Edmonton, Alberta",28.4,25.4,12.2,19.4,40.3,15.1
2007,"Edmundston-Woodstock, New Brunswick",1,2.8,0.5,0.9,1.3,0.9
2007,"Estrie, Quebec",7.2,5,3.5,6.2,5.7,3.8
2007,"Fredericton-Oromocto, New Brunswick",4.2,2.6,1.1,2.2,4,1.7
2007,"Gaspésie-Îles-de-la-Madeleine, Quebec",,,,,,
2007,"Halifax, Nova Scotia",8.1,5.1,3.8,9.7,13,8.2
2007,"Hamilton-Niagara Peninsula, Ontario",28.6,26,15.9,26.3,32.9,18.1
2007,"Interlake, Manitoba",1.4,2.1,0.8,1.7,2.6,1
2007,"Kingston-Pembroke, Ontario",12.9,8.9,4.6,8.3,9.7,5.2
2007,"Kitchener-Waterloo-Barrie, Ontario",30.5,22.7,12.7,23.1,34.4,19.2
2007,"Kootenay, British Columbia",1.8,4.7,,2.9,3.2,1.6
2007,"Lanaudière, Quebec",8.6,10.1,7.3,9.4,9.7,7
2007,"Laurentides, Quebec",11,11.4,9.4,11,12.6,7.7
2007,"Laval, Quebec",7.7,7.6,5.5,8,12,4.7
2007,"Lethbridge-Medicine Hat, Alberta",4.9,5.9,2.6,4.8,5.1,4.1
2007,"London, Ontario",15.2,15.5,7.5,10.7,14.7,10.5
2007,"Lower Mainland-Southwest, British Columbia",58.4,47.1,21.2,55.8,71.6,42.1
2007,Manitoba,23.4,26.4,11.7,19.6,35.3,15.4
2007,"Mauricie, Quebec",5.1,3.8,2.7,3.9,4.4,2.3
2007,"Moncton-Richibucto, New Brunswick",3.8,4.1,1.1,3.5,5.7,3
2007,"Montréal, Quebec",43.1,22,16.4,34.7,60.1,31
2007,"Montérégie, Quebec",27.9,29.5,22.2,30.6,37.6,20.6
2007,"Muskoka-Kawarthas, Ontario",8.6,6.4,4,7.6,5.8,5
2007,New Brunswick,14.9,16.7,5,12.4,18.3,9.5
2007,Newfoundland and Labrador,10.4,7.7,3.8,10.4,10.1,4.7
2007,"North Coast and Nechako, British Columbia",,2.3,,1.7,,
2007,"North Shore, Nova Scotia",3.2,3.5,1,2.6,2.7,1.5
2007,"Northeast, British Columbia",,3.2,,,1.6,
2007,"Northeast, Ontario",12.4,12,5.6,10.8,13.9,6.4
2007,"Northwest, Ontario",4.4,5.4,2.3,4,5.6,2.2
2007,Nova Scotia,18.1,16.2,7.5,18.8,22.8,13.6
2007,Ontario,267.9,219.3,133.4,257.5,347,193.7
2007,"Ottawa, Ontario",24.7,17.5,17.2,20.2,37,19.2
2007,"Outaouais, Quebec",8.4,5.3,4,7.5,14.4,3.8
2007,"Parklands and North, Manitoba",1.5,2.1,0.7,1.4,1.7,0.7
2007,"Prince Albert and Northern, Saskatchewan",4.1,4.9,1.2,3.7,3.5,2.4
2007,Prince Edward Island,2.7,2.5,1.3,2.5,3.5,1.5
2007,Quebec,160.6,139,98.9,142.2,203.2,106.5
2007,"Red Deer, Alberta",5.2,5.2,1.9,4.2,4.3,3
2007,"Regina-Moose Mountain, Saskatchewan",5.6,5.7,2.6,5.3,10.2,4.8
2007,"Saguenay-Lac-Saint-Jean, Quebec",5.8,5.5,4.1,3.7,5,3.1
2007,"Saint John-St. Stephen, New Brunswick",2.9,4,1.3,2.9,3.9,2.6
2007,Saskatchewan,20.2,22.4,8.6,18.6,26.6,14.1
2007,"Saskatoon-Biggar, Saskatchewan",8.1,6.4,3.5,6.2,9.1,4.2
2007,"South Central and North Central, Manitoba",1.5,3.3,0.8,1.7,1.8,1
2007,"South Coast-Burin Peninsula and Notre Dame-Central Bonavista Bay, Newfoundland and Labrador",2,2.6,0.6,3.2,1.9,0.9
2007,"Southeast, Manitoba",1.6,3.9,1.4,1,2.4,1.1
2007,"Southern, Nova Scotia",1.8,2.5,1,2.4,2.1,1
2007,"Southwest, Manitoba",2,3,1.1,2,1.5,1.6
2007,"Stratford-Bruce Peninsula, Ontario",4.5,7.2,2.2,6.2,6.6,4.6
2007,"Swift Current-Moose Jaw, Saskatchewan",1,3,0.8,1.8,2.6,1.5
2007,"Thompson-Okanagan, British Columbia",8.9,7.9,6.4,13.7,11.9,8
2007,"Toronto, Ontario",115.7,87.6,55.8,129.7,174.7,96.2
2007,"Vancouver Island and Coast, British Columbia",13.8,12.6,9.6,15.9,17.9,11.2
2007,"West Coast-Northern Peninsula-Labrador, Newfoundland and Labrador",2.1,2.1,0.5,2.6,1.9,1
2007,"Windsor-Sarnia, Ontario",10.4,9.9,5.7,10.7,11.7,6.9
2007,"Winnipeg, Manitoba",15.4,12.1,6.9,11.9,25.3,10
2007,"Wood Buffalo-Cold Lake, Alberta",2.9,5,,1.9,2.8,
2007,"Yorkton-Melville, Saskatchewan",1.4,2.3,0.6,1.6,1.3,1.3
2008,"Abitibi-Témiscamingue, Quebec",2.7,3.3,2.2,1.6,2.9,2.2
2008,Alberta,67.9,86.9,34.1,71.2,116.4,63.7
2008,"Annapolis Valley, Nova Scotia",2.3,2.6,1.1,3.3,2.8,1.3
2008,"Avalon Peninsula, Newfoundland and Labrador",5.3,4.1,2.5,4.6,7.1,3.3
2008,"Banff-Jasper-Rocky Mountain House and Athabasca-Grande Prairie-Peace River, Alberta",3.9,13.1,2.5,6.3,7.8,5.1
2008,"Bas-Saint-Laurent, Quebec",3.8,3.9,2.4,3.7,4.5,2.4
2008,British Columbia,84.1,81.5,43.4,90.9,119.1,71.7
2008,"Calgary, Alberta",20.7,21.3,11.8,26.3,45.7,24.7
2008,"Campbellton-Miramichi, New Brunswick",2.4,3.1,0.7,2.5,2.4,1.6
2008,"Camrose-Drumheller, Alberta",3.4,6.5,1.5,3.6,6.1,2.9
2008,Canada,672.4,613.2,356.8,643.2,895.5,490.5
2008,"Cape Breton, Nova Scotia",2.8,2.2,0.7,1.6,2.4,1.3
2008,"Capitale-Nationale, Quebec",15.8,13.8,9.1,14.4,16.3,9.1
2008,"Cariboo, British Columbia",2.3,4.2,2.1,3.3,3.4,2.4
2008,"Centre-du-Québec, Quebec",4.7,3.8,4.5,2.8,4.7,3.3
2008,"Chaudière-Appalaches, Quebec",4.6,9.8,7.5,6.4,8.8,4.9
2008,"Côte-Nord and Nord-du-Québec, Quebec",1.5,2.6,1.7,1.5,2,
2008,"Edmonton, Alberta",30.6,26.6,12.9,21.9,42.3,21.8
2008,"Edmundston-Woodstock, New Brunswick",1.3,2.3,0.7,1,1.4,0.8
2008,"Estrie, Quebec",7.5,5.5,3.5,6.9,5,2.9
2008,"Fredericton-Oromocto, New Brunswick",2.6,2.4,1.6,2.6,4.1,1.9
2008,"Gaspésie-Îles-de-la-Madeleine, Quebec",1.9,1.6,1.5,1.5,,
2008,"Halifax, Nova Scotia",8.2,5.7,5,8.8,12.3,6.1
2008,"Hamilton-Niagara Peninsula, Ontario",32.4,26.3,14.7,28.9,35.5,19.2
2008,"Interlake, Manitoba",2,1.9,0.8,1.6,2.5,1.2
2008,"Kingston-Pembroke, Ontario",14.4,9.1,6.5,9,11.9,5.2
2008,"Kitchener-Waterloo-Barrie, Ontario",35.1,22.2,12.7,22.6,32.2,17.7
2008,"Kootenay, British Columbia",2.6,3.3,,4.1,2.4,1.7
2008,"Lanaudière, Quebec",7.1,8.7,7,8,11.3,7.4
2008,"Laurentides, Quebec",11,11.9,7.8,14.1,13.4,6.8
2008,"Laval, Quebec",7.4,6.1,4.3,8,14.6,7.8
2008,"Lethbridge-Medicine Hat, Alberta",4.4,7.5,2.1,7.1,5.6,5.3
2008,"London, Ontario",15.6,11.8,7.2,11.8,15.4,8.9
2008,"Lower Mainland-Southwest, British Columbia",57.1,45.7,25.9,51.2,76.7,47.3
2008,Manitoba,23.3,24.1,11.6,18.8,36.1,16.2
2008,"Mauricie, Quebec",5.2,4,3.1,4.4,5.4,1.9
2008,"Moncton-Richibucto, New Brunswick",3.3,4.1,2.2,3.9,6,3.1
2008,"Montréal, Quebec",43.9,23,22.8,33.2,56.2,26.9
2008,"Montérégie, Quebec",21.4,28.9,19.2,26,41.6,17.9
2008,"Muskoka-Kawarthas, Ontario",4.9,8,3.1,9.4,5.9,4.8
2008,New Brunswick,13,15,6.7,13.4,18.5,10.5
2008,Newfoundland and Labrador,9.7,10.4,3.9,8.9,10.1,4.8
2008,"North Coast and Nechako, British Columbia",,2.4,,1.9,2.5,
2008,"North Shore, Nova Scotia",2.4,2.8,1.1,2.6,3.5,2
2008,"Northeast, British Columbia",,3.3,,,1.5,
2008,"Northeast, Ontario",15.2,11,6.9,9.5,14,6
2008,"Northwest, Ontario",5,5.3,2.5,2.8,5.3,2.1
2008,Nova Scotia,17.5,15.4,8.5,18.5,23.3,11.7
2008,Ontario,279.4,215.8,132.1,257.8,336.7,193.9
2008,"Ottawa, Ontario",31.4,17.7,16.2,22.8,36.9,18.4
2008,"Outaouais, Quebec",9.6,6,4.8,6.4,14,3.4
2008,"Parklands and North, Manitoba",1.3,1.5,0.6,1.2,2.1,1
2008,"Prince Albert and Northern, Saskatchewan",4,5.4,2.1,3.5,3.9,3.1
2008,Prince Edward Island,2.5,3,1.5,2.8,3.6,1.6
2008,Quebec,154.6,138.7,105.6,142.6,206,101
2008,"Red Deer, Alberta",2.7,6.1,2.3,3.6,5.3,2.7
2008,"Regina-Moose Mountain, Saskatchewan",5.6,5.3,3,5.7,9.9,4.6
2008,"Saguenay-Lac-Saint-Jean, Quebec",6.2,5.8,4.2,3.7,4,3.2
2008,"Saint John-St. Stephen, New Brunswick",3.3,3.1,1.4,3.5,4.6,3.2
2008,Saskatchewan,20.4,22.6,9.5,18.4,25.6,15.4
2008,"Saskatoon-Biggar, Saskatchewan",8.2,6.9,3.3,5.9,8,4.9
2008,"South Central and North Central, Manitoba",1.6,3.2,1,1.5,2,1.1
2008,"South Coast-Burin Peninsula and Notre Dame-Central Bonavista Bay, Newfoundland and Labrador",2.6,3.3,0.9,2.8,1.8,0.9
2008,"Southeast, Manitoba",1.7,2.8,0.6,1.3,2.3,1
2008,"Southern, Nova Scotia",1.8,2.1,0.8,2.1,2.1,1
2008,"Southwest, Manitoba",2.4,2.5,0.6,1.4,2.2,1.1
2008,"Stratford-Bruce Peninsula, Ontario",3.7,6.7,2.4,5.1,5.5,3.6
2008,"Swift Current-Moose Jaw, Saskatchewan",1.4,2.9,0.6,1.7,2.6,1.6
2008,"Thompson-Okanagan, British Columbia",9.1,9.2,5.7,13.5,12,7.6
2008,"Toronto, Ontario",109.3,86.5,53.5,125.5,161,100.8
2008,"Vancouver Island and Coast, British Columbia",11.1,13.3,7.1,15.8,20.7,10.9
2008,"West Coast-Northern Peninsula-Labrador, Newfoundland and Labrador",1.8,3,0.5,1.5,1.3,0.6
2008,"Windsor-Sarnia, Ontario",12.4,11.1,6.4,10.5,13,7
2008,"Winnipeg, Manitoba",14.3,12.2,7.9,11.7,25.1,10.7
2008,"Wood Buffalo-Cold Lake, Alberta",2.3,5.7,,2.2,3.6,
2008,"Yorkton-Melville, Saskatchewan",1.2,2.1,0.5,1.6,1.2,1.2
2009,"Abitibi-Témiscamingue, Quebec",2.9,3.3,1.9,1.7,2.7,
2009,Alberta,71.9,87.5,36.1,69,112.6,64
2009,"Annapolis Valley, Nova Scotia",2.6,2.7,1,2.8,2.7,0.6
2009,"Avalon Peninsula, Newfoundland and Labrador",5.9,4.2,2.1,3.2,6.8,2.9
2009,"Banff-Jasper-Rocky Mountain House and Athabasca-Grande Prairie-Peace River, Alberta",4.7,12.8,3,6.3,7.4,5.7
2009,"Bas-Saint-Laurent, Quebec",3.7,4.6,2.7,4.8,3.3,2.8
2009,British Columbia,78.3,76.6,50.3,89.3,108,74.1
2009,"Calgary, Alberta",24,25.6,14.3,24.8,43.5,24
2009,"Campbellton-Miramichi, New Brunswick",2.2,2.9,1.3,2,2.6,1.8
2009,"Camrose-Drumheller, Alberta",3.6,6.4,,3.9,5.2,2.9
2009,Canada,679.5,604.4,385.1,625.5,875.4,501.4
2009,"Cape Breton, Nova Scotia",2.1,2,0.7,2.1,2.3,1.2
2009,"Capitale-Nationale, Quebec",13.7,9.3,11.2,12.2,22.9,12
2009,"Cariboo, British Columbia",2.7,3,1.6,2.4,3.2,1.5
2009,"Centre-du-Québec, Quebec",4,5.5,3.1,3.3,3.2,3.1
2009,"Chaudière-Appalaches, Quebec",7.4,7.5,6.7,6,9.6,7.2
2009,"Côte-Nord and Nord-du-Québec, Quebec",2.4,2.7,,2.2,,
2009,"Edmonton, Alberta",29.4,25.4,11.7,24,43.7,21.6
2009,"Edmundston-Woodstock, New Brunswick",1.2,2,0.6,1.4,1.6,0.7
2009,"Estrie, Quebec",7.1,5.6,4.8,5.1,5.5,3.3
2009,"Fredericton-Oromocto, New Brunswick",3.5,2.6,1.2,2.9,3.2,1.4
2009,"Gaspésie-Îles-de-la-Madeleine, Quebec",,1.6,,,,
2009,"Halifax, Nova Scotia",9.2,6.6,3.2,8.3,13.7,6.6
2009,"Hamilton-Niagara Peninsula, Ontario",27.5,26.4,15,27.3,33,19.1
2009,"Interlake, Manitoba",2.2,2,1,1.5,2.8,0.8
2009,"Kingston-Pembroke, Ontario",9.3,9.3,3.7,8.8,9.6,4.3
2009,"Kitchener-Waterloo-Barrie, Ontario",34.5,23.3,14.1,22.9,27.9,18.1
2009,"Kootenay, British Columbia",,3.9,,3.1,3.5,2.1
2009,"Lanaudière, Quebec",8.5,12.1,10.5,7.9,10,7.2
2009,"Laurentides, Quebec",13.6,11.3,8.2,11.4,10.9,7.4
2009,"Laval, Quebec",9.8,4.9,6.3,7.3,13.7,8.3
2009,"Lethbridge-Medicine Hat, Alberta",4.9,7.1,3.3,4.1,4.5,4.2
2009,"London, Ontario",15.8,13,7.9,10.6,16.9,9.8
2009,"Lower Mainland-Southwest, British Columbia",52.5,41,31,56.1,67.2,49
2009,Manitoba,25.8,23.7,13.5,18.8,35.7,14.9
2009,"Mauricie, Quebec",4.9,4.5,2.9,5.5,3.9,3
2009,"Moncton-Richibucto, New Brunswick",4.4,4.1,1.8,3.4,6.9,2.3
2009,"Montréal, Quebec",50.3,21.4,28.1,33.9,56.1,27.7
2009,"Montérégie, Quebec",19.4,26.6,17.5,23.5,37.5,21.6
2009,"Muskoka-Kawarthas, Ontario",7.1,6.5,3.6,8.3,6.8,6
2009,New Brunswick,14.3,15.3,6.4,13.1,19.6,8.7
2009,Newfoundland and Labrador,10.1,9.2,3.5,6.6,10.3,4.7
2009,"North Coast and Nechako, British Columbia",1.6,2.7,,2,1.8,
2009,"North Shore, Nova Scotia",2.3,3.1,1.6,2.9,2.4,2
2009,"Northeast, British Columbia",,3.4,,,2.2,
2009,"Northeast, Ontario",14.8,9.9,6.5,9.7,11.5,6.4
2009,"Northwest, Ontario",5,4.6,3.5,3.3,5.6,2.2
2009,Nova Scotia,17.5,16.5,6.9,19,22.9,11.9
2009,Ontario,274.9,216.1,142.6,254.1,336.2,194.1
2009,"Ottawa, Ontario",28.5,18.5,16.2,19.5,36.4,16.5
2009,"Outaouais, Quebec",8.7,7,4.9,5.9,14.1,3.2
2009,"Parklands and North, Manitoba",1.7,1.3,1.1,2.2,1.7,0.6
2009,"Prince Albert and Northern, Saskatchewan",3.3,5.9,2.2,4,3.9,3
2009,Prince Edward Island,2.5,2.5,1.5,2.7,3.2,1.5
2009,Quebec,163.5,133.5,114.6,135.9,199.7,112.6
2009,"Red Deer, Alberta",2.7,5.2,1.7,3.4,4.8,4.3
2009,"Regina-Moose Mountain, Saskatchewan",5.5,6.4,3.1,5.1,9.8,4.6
2009,"Saguenay-Lac-Saint-Jean, Quebec",5.8,5.7,3.6,4,3.9,3.2
2009,"Saint John-St. Stephen, New Brunswick",3.1,3.7,1.4,3.4,5.3,2.4
2009,Saskatchewan,20.7,23.3,9.6,17.1,27.2,14.9
2009,"Saskatoon-Biggar, Saskatchewan",9.5,6.5,2.9,5.1,9.4,4.5
2009,"South Central and North Central, Manitoba",1.7,3.2,1.3,1.2,1.8,1.4
2009,"South Coast-Burin Peninsula and Notre Dame-Central Bonavista Bay, Newfoundland and Labrador",2,3.2,0.7,2.1,2.2,0.9
2009,"Southeast, Manitoba",1.8,2.7,1,1.5,2,1
2009,"Southern, Nova Scotia",1.2,2.1,,2.9,1.8,1.3
2009,"Southwest, Manitoba",2.1,2.5,1.5,1.6,1.7,1.5
2009,"Stratford-Bruce Peninsula, Ontario",2.3,6.8,2.4,5.8,5.2,4.2
2009,"Swift Current-Moose Jaw, Saskatchewan",1.2,2.4,0.7,1.8,2.6,1.4
2009,"Thompson-Okanagan, British Columbia",7.7,9.2,6.7,9.3,11.7,9.8
2009,"Toronto, Ontario",118,85.7,63.4,128.1,171.4,101.3
2009,"Vancouver Island and Coast, British Columbia",12.2,13.4,7.7,15.5,18.4,10.2
2009,"West Coast-Northern Peninsula-Labrador, Newfoundland and Labrador",2.1,1.9,0.7,1.3,1.3,1
2009,"Windsor-Sarnia, Ontario",12.1,12.1,6.3,9.8,11.8,6.2
2009,"Winnipeg, Manitoba",16.4,11.9,7.6,10.7,25.8,9.6
2009,"Wood Buffalo-Cold Lake, Alberta",2.6,5,,2.4,3.5,
2009,"Yorkton-Melville, Saskatchewan",1.2,2.2,0.7,1.1,1.5,1.4
2010,"Abitibi-Témiscamingue, Quebec",2.6,3,2.7,1.5,2.7,1.6
2010,Alberta,68.3,88.2,37.4,69.2,105.8,61.4
2010,"Annapolis Valley, Nova Scotia",2.5,2.8,1.1,3.1,2.3,2.3
2010,"Avalon Peninsula, Newfoundland and Labrador",5.9,3.9,1.9,4.5,7.6,3.4
2010,"Banff-Jasper-Rocky Mountain House and Athabasca-Grande Prairie-Peace River, Alberta",3.8,13.2,2.5,7.2,7.8,5.2
2010,"Bas-Saint-Laurent, Quebec",4.1,3,2.9,4.5,3.3,2
2010,British Columbia,79.6,78.7,48.9,90,105.4,70.8
2010,"Calgary, Alberta",22.5,27.1,13.3,25.7,39.5,24.3
2010,"Campbellton-Miramichi, New Brunswick",2.5,3.4,1.3,2.5,2.3,0.9
2010,"Camrose-Drumheller, Alberta",3.5,5.1,,4.1,4.1,3.4
2010,Canada,683.2,610.3,383.9,618.1,853.2,495.1
2010,"Cape Breton, Nova Scotia",2.3,2.3,0.8,2.1,2.4,1.3
2010,"Capitale-Nationale, Quebec",19,12,11.9,13.3,17.7,9.7
2010,"Cariboo, British Columbia",2.6,4.2,,2.7,4,1.8
2010,"Centre-du-Québec, Quebec",4.5,5.9,,4.3,4.3,2.4
2010,"Chaudière-Appalaches, Quebec",6.1,8,8.1,6.1,11.4,4.8
2010,"Côte-Nord and Nord-du-Québec, Quebec",2.1,3.8,1.5,1.7,,1.5
2010,"Edmonton, Alberta",29.1,26.3,14.5,22.1,41,18.8
2010,"Edmundston-Woodstock, New Brunswick",1.4,2.5,0.8,1.2,1.1,0.6
2010,"Estrie, Quebec",7.2,5.4,4.3,4.8,5.1,3.7
2010,"Fredericton-Oromocto, New Brunswick",3.9,3.4,1.6,2.9,3.6,1.6
2010,"Gaspésie-Îles-de-la-Madeleine, Quebec",1.6,1.6,,1.6,1.5,
2010,"Halifax, Nova Scotia",10.2,6.4,4.5,7.8,12.3,6.5
2010,"Hamilton-Niagara Peninsula, Ontario",25.5,27.5,13.7,25.2,32,21.3
2010,"Interlake, Manitoba",1.5,2.1,1,1.9,2.9,1.5
2010,"Kingston-Pembroke, Ontario",8.5,8,4.8,6.8,10.5,4.4
2010,"Kitchener-Waterloo-Barrie, Ontario",27.6,24.5,13.3,23.4,28.2,22.2
2010,"Kootenay, British Columbia",1.5,4,,2.1,2.1,2.1
2010,"Lanaudière, Quebec",7.7,11.3,8.9,9.1,10,9.5
2010,"Laurentides, Quebec",8,12.4,8.1,7.7,10.9,9.3
2010,"Laval, Quebec",7.2,4.8,7.9,8.7,10.3,6.1
2010,"Lethbridge-Medicine Hat, Alberta",3.8,6.5,2.7,4.8,6.4,3.5
2010,"London, Ontario",15.1,11.7,7,13.7,15.4,7.9
2010,"Lower Mainland-Southwest, British Columbia",54.1,42.5,33.6,55.1,67,43.6
2010,Manitoba,24.2,23.2,13.6,19,35.7,15.2
2010,"Mauricie, Quebec",6.8,4.2,3.1,3.8,6.2,1.6
2010,"Moncton-Richibucto, New Brunswick",3.8,4.1,2.3,3.8,6.6,2.8
2010,"Montréal, Quebec",46.6,21.7,21.4,36.4,47.4,25.9
2010,"Montérégie, Quebec",25.5,27,20.8,29.9,34.7,20.3
2010,"Muskoka-Kawarthas, Ontario",7.6,7.4,3.8,6.7,6,6.7
2010,New Brunswick,14.7,16.8,7.4,13.9,17.9,7.9
2010,Newfoundland and Labrador,10,9.7,3.3,8.2,11.4,5.1
2010,"North Coast and Nechako, British Columbia",,2.1,,1.7,1.5,
2010,"North Shore, Nova Scotia",2,3,1.3,3.7,2,1.9
2010,"Northeast, British Columbia",,3.6,,,,
2010,"Northeast, Ontario",13,11.3,5.9,8.1,11.1,6.1
2010,"Northwest, Ontario",5,3.8,2.1,3.6,4,2
2010,Nova Scotia,18.6,16.8,8.6,18.6,20.6,13.2
2010,Ontario,279.5,216.4,139.9,235.7,340.8,198.2
2010,"Ottawa, Ontario",30.5,17.3,19.2,17.8,35.1,19.9
2010,"Outaouais, Quebec",9.8,6.7,5.7,5.9,14.5,4.1
2010,"Parklands and North, Manitoba",2,1.9,1.1,1.4,1.4,0.8
2010,"Prince Albert and Northern, Saskatchewan",4.1,4.8,2.6,3.2,4.3,2.9
2010,Prince Edward Island,3,2.3,1.6,2.5,3.8,1.7
2010,Quebec,164.4,136.4,113.5,144,185.2,105.8
2010,"Red Deer, Alberta",3.4,4.8,1.8,2.7,3.9,4.3
2010,"Regina-Moose Mountain, Saskatchewan",5.9,5.5,3.1,5.5,10.4,4.3
2010,"Saguenay-Lac-Saint-Jean, Quebec",5.4,5.5,3.8,4.5,3.9,2.7
2010,"Saint John-St. Stephen, New Brunswick",3.1,3.4,1.4,3.5,4.3,2
2010,Saskatchewan,21,21.8,9.7,17,26.8,15.7
2010,"Saskatoon-Biggar, Saskatchewan",8.5,6.8,2.7,5.9,8.6,5.6
2010,"South Central and North Central, Manitoba",1.8,2.6,1,1.5,2,1.5
2010,"South Coast-Burin Peninsula and Notre Dame-Central Bonavista Bay, Newfoundland and Labrador",1.8,3.8,0.8,2.1,1.9,1
2010,"Southeast, Manitoba",2,2.7,1.2,1.9,2.9,0.9
2010,"Southern, Nova Scotia",1.6,2.3,0.9,1.9,1.7,1.3
2010,"Southwest, Manitoba",2.3,2.3,0.8,1.7,1.9,1.3
2010,"Stratford-Bruce Peninsula, Ontario",2.5,8.1,2.7,5.4,5,4.4
2010,"Swift Current-Moose Jaw, Saskatchewan",1.6,2.6,0.7,1.2,2.1,1.3
2010,"Thompson-Okanagan, British Columbia",6.8,10.4,4.6,11.5,11,10.2
2010,"Toronto, Ontario",132.3,86.5,61.5,115.2,182.7,96
2010,"Vancouver Island and Coast, British Columbia",12.3,12,7.1,15.6,18.4,11
2010,"West Coast-Northern Peninsula-Labrador, Newfoundland and Labrador",2.2,2.1,0.6,1.6,1.9,0.7
2010,"Windsor-Sarnia, Ontario",12,10.3,5.9,9.7,10.8,7.2
2010,"Winnipeg, Manitoba",14.6,11.6,8.5,10.8,24.6,9.1
2010,"Wood Buffalo-Cold Lake, Alberta",2.2,5.1,,2.5,3,1.8
2010,"Yorkton-Melville, Saskatchewan",1,2,0.5,1.2,1.4,1.6
2011,"Abitibi-Témiscamingue, Quebec",3.3,3.7,2.3,1.9,2.8,1.9
2011,Alberta,67.4,90.4,41.9,67.5,109.3,60.7
2011,"Annapolis Valley, Nova Scotia",2.1,3,1.4,2.5,1.8,1.9
2011,"Avalon Peninsula, Newfoundland and Labrador",6.6,4.4,3.2,4,8.1,3.1
2011,"Banff-Jasper-Rocky Mountain House and Athabasca-Grande Prairie-Peace River, Alberta",4.5,14.1,2.9,6.6,9.5,4.8
2011,"Bas-Saint-Laurent, Quebec",4.6,4.7,1.8,2.2,3.7,2.4
2011,British Columbia,79.9,83,47.6,91.4,106.6,72.2
2011,"Calgary, Alberta",23.8,26.6,14.7,27.5,39.6,24.4
2011,"Campbellton-Miramichi, New Brunswick",1.6,3.1,1.3,2.1,2.3,1
2011,"Camrose-Drumheller, Alberta",3.3,5.3,2.1,2.4,5.2,3.2
2011,Canada,669.4,638.7,389.2,595.6,889.5,509.2
2011,"Cape Breton, Nova Scotia",2.5,2.4,0.8,1.2,1.9,1.4
2011,"Capitale-Nationale, Quebec",13.4,14.6,11.7,12.4,20.6,11.2
2011,"Cariboo, British Columbia",3.2,4.8,1.9,2.6,3.7,2.1
2011,"Centre-du-Québec, Quebec",3.5,5.6,3.5,3.7,3.7,4.2
2011,"Chaudière-Appalaches, Quebec",7.5,9.9,6.8,5.7,8.5,7.3
2011,"Côte-Nord and Nord-du-Québec, Quebec",2.6,3.4,,2.2,2.2,
2011,"Edmonton, Alberta",27,24.7,15.3,21.5,41.5,20.1
2011,"Edmundston-Woodstock, New Brunswick",1.2,2.2,0.6,1.5,1.3,1
2011,"Estrie, Quebec",6.6,4.8,6.1,4.1,6.2,4.1
2011,"Fredericton-Oromocto, New Brunswick",3.3,2.6,1.8,2.2,3.8,1.6
2011,"Gaspésie-Îles-de-la-Madeleine, Quebec",1.7,1.7,1.8,,,
2011,"Halifax, Nova Scotia",10.2,5.3,4.1,8.7,12.1,7.6
2011,"Hamilton-Niagara Peninsula, Ontario",28.1,26.5,13.1,25.2,31,21.2
2011,"Interlake, Manitoba",1.5,2.1,0.8,2.1,3,0.9
2011,"Kingston-Pembroke, Ontario",9.9,9.4,5,7.6,11.2,4.7
2011,"Kitchener-Waterloo-Barrie, Ontario",31.3,22.8,14.6,23.5,31.8,20.1
2011,"Kootenay, British Columbia",2,4.6,,4.1,2,
2011,"Lanaudière, Quebec",11.7,15.1,8.7,6.1,10.1,6.8
2011,"Laurentides, Quebec",9.9,12.6,9,13.8,12.5,11.7
2011,"Laval, Quebec",6.1,6.2,5.9,8.9,17.3,4
2011,"Lethbridge-Medicine Hat, Alberta",4.2,7.5,2.9,4.2,5.8,3.2
2011,"London, Ontario",14.6,11.5,5.8,9.6,16.9,10.9
2011,"Lower Mainland-Southwest, British Columbia",52.8,44.5,30.4,54.4,72,48.7
2011,Manitoba,21.8,24.1,16.6,20.3,34.5,16.7
2011,"Mauricie, Quebec",4.7,4.8,2.5,3.1,5.2,3.5
2011,"Moncton-Richibucto, New Brunswick",3,4.2,1.8,2.3,6.7,2.7
2011,"Montréal, Quebec",45.1,24.1,28.1,32.2,48.1,22.4
2011,"Montérégie, Quebec",31.1,29.1,20.7,20.9,37.4,20.2
2011,"Muskoka-Kawarthas, Ontario",9.4,9.1,3.9,9.3,5.5,4.5
2011,New Brunswick,11.8,15.5,6.7,11.8,18.2,9
2011,Newfoundland and Labrador,10.7,9.9,4.9,7.4,12,5.1
2011,"North Coast and Nechako, British Columbia",2.5,2.8,,,1.9,
2011,"North Shore, Nova Scotia",3,3.4,1.8,2.5,2.7,1.4
2011,"Northeast, British Columbia",,3.4,,,,1.5
2011,"Northeast, Ontario",11.9,12.2,5.8,8.1,12.7,8.5
2011,"Northwest, Ontario",4.5,4,2.9,3.3,4.6,2.7
2011,Nova Scotia,19.2,16.3,9.1,17.3,20.3,13.4
2011,Ontario,268.8,221.2,130.6,232,361.8,203.6
2011,"Ottawa, Ontario",27.6,17.7,16.2,20.8,36.4,16.2
2011,"Outaouais, Quebec",8.3,5.8,4.8,5,14.2,5.1
2011,"Parklands and North, Manitoba",1.8,2.1,0.9,1.4,2.2,1
2011,"Prince Albert and Northern, Saskatchewan",3.5,5.4,2.7,3.7,4.3,3.5
2011,Prince Edward Island,3.5,2.7,1.6,2.9,3.8,1.5
2011,Quebec,166.1,152.4,118.9,127.2,197.5,110.1
2011,"Red Deer, Alberta",2.7,5.9,2.7,3,4.7,2.8
2011,"Regina-Moose Mountain, Saskatchewan",6.2,6.5,3.7,5.5,9.3,4.9
2011,"Saguenay-Lac-Saint-Jean, Quebec",6.1,6.4,3.9,3.7,4.1,3.4
2011,"Saint John-St. Stephen, New Brunswick",2.7,3.4,1.2,3.7,4.2,2.8
2011,Saskatchewan,20.2,23.2,11.3,17.8,25.4,16.8
2011,"Saskatoon-Biggar, Saskatchewan",8.1,6,3.3,5.7,8.4,5.7
2011,"South Central and North Central, Manitoba",1.9,2.9,1.3,2.1,1.9,1.4
2011,"South Coast-Burin Peninsula and Notre Dame-Central Bonavista Bay, Newfoundland and Labrador",2.3,3.2,0.8,2.1,1.7,1
2011,"Southeast, Manitoba",1.9,2.9,1.1,1.2,2.5,2.1
2011,"Southern, Nova Scotia",1.3,2.2,1,2.5,1.8,1
2011,"Southwest, Manitoba",1.8,2.4,1.3,2.4,2.2,1.2
2011,"Stratford-Bruce Peninsula, Ontario",4.2,7.4,3.4,4.4,4.9,5.2
2011,"Swift Current-Moose Jaw, Saskatchewan",1.4,2.6,0.8,1.4,1.9,1.4
2011,"Thompson-Okanagan, British Columbia",7.1,10.4,5.2,13.2,10.1,7.7
2011,"Toronto, Ontario",113.3,90.4,54.4,111.3,194,103
2011,"Vancouver Island and Coast, British Columbia",11.3,12.6,7.4,15.1,16,10.5
2011,"West Coast-Northern Peninsula-Labrador, Newfoundland and Labrador",1.8,2.2,0.9,1.3,2.2,1
2011,"Windsor-Sarnia, Ontario",14,10.3,5.5,8.9,12.9,6.5
2011,"Winnipeg, Manitoba",13,11.7,11.2,11.2,22.7,10.2
2011,"Wood Buffalo-Cold Lake, Alberta",2,6.3,,2.3,3,2.3
2011,"Yorkton-Melville, Saskatchewan",1.1,2.7,0.7,1.5,1.4,1.4
2012,"Abitibi-Témiscamingue, Quebec",2.5,3.1,1.9,2.7,3.4,
2012,Alberta,67.8,97.6,39.3,63.6,112.2,57.1
2012,"Annapolis Valley, Nova Scotia",2.4,2.5,1.5,2,2,1.8
2012,"Avalon Peninsula, Newfoundland and Labrador",7,4.2,2.5,4.3,7.2,3.5
2012,"Banff-Jasper-Rocky Mountain House and Athabasca-Grande Prairie-Peace River, Alberta",4.8,13.9,3.4,6.4,7.2,5.1
2012,"Bas-Saint-Laurent, Quebec",4.4,5.1,2.5,3.6,2.8,2.1
2012,British Columbia,84.7,82,51.1,85.5,104.9,76
2012,"Calgary, Alberta",24.9,29.2,13.6,25.5,42,21.5
2012,"Campbellton-Miramichi, New Brunswick",2.3,3.7,1,2.1,2.3,1.6
2012,"Camrose-Drumheller, Alberta",3.4,5.6,2.6,3.1,5.7,3.1
2012,Canada,696.6,651.8,403.3,589.3,860.7,513.6
2012,"Cape Breton, Nova Scotia",2.7,2.2,1.1,1.2,2.3,0.9
2012,"Capitale-Nationale, Quebec",18.5,14.7,10.6,9.4,17.9,9.8
2012,"Cariboo, British Columbia",2.3,4.2,2.1,2.2,4.4,2.4
2012,"Centre-du-Québec, Quebec",3.3,6.5,1.6,2.9,4.4,1.7
2012,"Chaudière-Appalaches, Quebec",7,10.8,6.6,6.5,9.4,4.8
2012,"Côte-Nord and Nord-du-Québec, Quebec",1.9,2.7,2,,2.1,
2012,"Edmonton, Alberta",23.8,29,13.6,18.6,42.9,19.5
2012,"Edmundston-Woodstock, New Brunswick",0.9,2,0.5,1.5,1.6,0.7
2012,"Estrie, Quebec",6.9,4.8,5,4.7,6,3.3
2012,"Fredericton-Oromocto, New Brunswick",3.4,2.6,1.3,2.5,4,1.8
2012,"Gaspésie-Îles-de-la-Madeleine, Quebec",,2.1,1.7,1.5,1.6,
2012,"Halifax, Nova Scotia",9.4,6.1,4.6,7.8,13.5,7.6
2012,"Hamilton-Niagara Peninsula, Ontario",31.5,26.5,14.6,27.7,32.1,23.7
2012,"Interlake, Manitoba",1.3,2.2,1,1.5,2.2,1.3
2012,"Kingston-Pembroke, Ontario",8.6,9.2,6.3,5.7,10.4,7.1
2012,"Kitchener-Waterloo-Barrie, Ontario",30.6,25.1,10.8,22.8,28.1,19.9
2012,"Kootenay, British Columbia",1.9,3.1,1.6,3.8,2.2,1.8
2012,"Lanaudière, Quebec",6,10.5,8,8.4,12.2,7
2012,"Laurentides, Quebec",15.2,12.1,10.6,11.8,10.8,9.7
2012,"Laval, Quebec",7.9,5.2,7.2,9.2,13.3,8.5
2012,"Lethbridge-Medicine Hat, Alberta",5.3,7.9,2.2,4.7,5.1,3.6
2012,"London, Ontario",14,13,5.6,10.3,15.8,8.4
2012,"Lower Mainland-Southwest, British Columbia",56.4,46.4,32.3,51.7,67.9,49.6
2012,Manitoba,22.4,25,16.7,20.4,35,16.7
2012,"Mauricie, Quebec",4.5,4.6,4,3.1,4.3,1.8
2012,"Moncton-Richibucto, New Brunswick",3.9,4,2.4,2.9,6.1,3.6
2012,"Montréal, Quebec",53,22.1,28.7,34.7,46.9,24.7
2012,"Montérégie, Quebec",30.2,30,26,23.6,35.9,21.6
2012,"Muskoka-Kawarthas, Ontario",5.5,7.1,4.3,7.1,6.8,5.7
2012,New Brunswick,13,15.5,6.5,12.2,18.5,10.1
2012,Newfoundland and Labrador,11.2,9.7,4,7.8,10.7,6.2
2012,"North Coast and Nechako, British Columbia",1.9,3,,1.5,,
2012,"North Shore, Nova Scotia",2.5,3.9,1,3.4,3.3,1.6
2012,"Northeast, British Columbia",,2.6,,2,1.6,
2012,"Northeast, Ontario",11.6,12.9,5.6,10.2,12,8.6
2012,"Northwest, Ontario",4.7,3.4,3.7,3,5.5,2
2012,Nova Scotia,18.9,17.1,9.2,16.5,22.7,13.2
2012,Ontario,279.2,230.4,136.9,232.5,335.3,211.3
2012,"Ottawa, Ontario",29,20.9,15,21.6,31,18
2012,"Outaouais, Quebec",7,6.4,5.8,4.9,15,3.4
2012,"Parklands and North, Manitoba",1.2,1.7,1.2,1.2,1.6,0.8
2012,"Prince Albert and Northern, Saskatchewan",3.7,5.3,2.5,2.6,4.1,3.1
2012,Prince Edward Island,3.1,2.8,2.1,2.4,3.9,1.4
2012,Quebec,175.3,147.5,126.9,130.6,191.1,104.5
2012,"Red Deer, Alberta",3.7,5.8,2.5,3.3,5.3,2.4
2012,"Regina-Moose Mountain, Saskatchewan",6.6,6.7,3.6,5.6,10.2,5.8
2012,"Saguenay-Lac-Saint-Jean, Quebec",5.9,6.8,4.5,2.7,5.1,3.4
2012,"Saint John-St. Stephen, New Brunswick",2.5,3.2,1.3,3.3,4.4,2.6
2012,Saskatchewan,20.9,24.2,10.7,17.7,26.5,17
2012,"Saskatoon-Biggar, Saskatchewan",8.1,7.6,3,6.5,8.4,5.3
2012,"South Central and North Central, Manitoba",1.4,2.6,1.6,1.8,1.8,1.5
2012,"South Coast-Burin Peninsula and Notre Dame-Central Bonavista Bay, Newfoundland and Labrador",2.3,3.6,0.8,1.9,1.7,1.3
2012,"Southeast, Manitoba",2,2.9,1.4,1.6,2.4,1.8
2012,"Southern, Nova Scotia",1.8,2.4,1,2.2,1.7,1.3
2012,"Southwest, Manitoba",2,3.1,1.5,1.7,2.5,1.7
2012,"Stratford-Bruce Peninsula, Ontario",4.1,8.1,2.9,5.9,4.9,4
2012,"Swift Current-Moose Jaw, Saskatchewan",1.3,2.7,0.9,1.6,2,1.3
2012,"Thompson-Okanagan, British Columbia",8,11.5,5.1,10.7,10,10.1
2012,"Toronto, Ontario",127.6,92,63.3,108.9,177.6,105.6
2012,"Vancouver Island and Coast, British Columbia",13.3,11.2,8.5,13.7,17.4,10.5
2012,"West Coast-Northern Peninsula-Labrador, Newfoundland and Labrador",1.9,1.8,0.6,1.6,1.8,1.4
2012,"Windsor-Sarnia, Ontario",12.1,12.2,4.8,9.3,11.1,8.1
2012,"Winnipeg, Manitoba",14.4,12.6,10.1,12.5,24.5,9.7
2012,"Wood Buffalo-Cold Lake, Alberta",1.7,6.2,,2.1,4.1,1.9
2012,"Yorkton-Melville, Saskatchewan",1.3,1.9,0.6,1.4,1.8,1.5
2013,"Abitibi-Témiscamingue, Quebec",2.7,4.7,2.8,,2.7,
2013,Alberta,63.8,95.2,38.9,64.6,107.2,69
2013,"Annapolis Valley, Nova Scotia",2.1,2.9,1.6,1.7,2.3,2
2013,"Avalon Peninsula, Newfoundland and Labrador",5.9,3.4,2.9,4.4,7.7,4.3
2013,"Banff-Jasper-Rocky Mountain House and Athabasca-Grande Prairie-Peace River, Alberta",4.1,13.3,2.8,6.6,8.1,5.6
2013,"Bas-Saint-Laurent, Quebec",3.8,4.4,3.3,2.4,2,2.1
2013,British Columbia,83.7,85.1,48.1,84.3,101.5,80.3
2013,"Calgary, Alberta",23.6,27.9,15.2,22.9,38.4,27.8
2013,"Campbellton-Miramichi, New Brunswick",2.3,3.3,1.5,1.4,2.2,1.4
2013,"Camrose-Drumheller, Alberta",2.6,5.1,1.8,4.7,4.9,2.6
2013,Canada,703.5,660.5,427.9,568.7,839.2,557.8
2013,"Cape Breton, Nova Scotia",2.4,2.2,0.6,2,2.2,1.3
2013,"Capitale-Nationale, Quebec",20.1,14,13.4,9.7,18.1,8
2013,"Cariboo, British Columbia",2.9,4.3,1.9,3,3,2.1
2013,"Centre-du-Québec, Quebec",3.1,5.3,3.5,1.8,3.7,2.4
2013,"Chaudière-Appalaches, Quebec",8,9.5,7.2,5.5,9.6,6.4
2013,"Côte-Nord and Nord-du-Québec, Quebec",2.5,3.2,1.5,,1.8,
2013,"Edmonton, Alberta",24,30.1,14,21.8,40.8,23.9
2013,"Edmundston-Woodstock, New Brunswick",1.1,2.1,0.9,1.3,1.5,1.2
2013,"Estrie, Quebec",8.4,5.8,4.3,4.1,5.3,3.1
2013,"Fredericton-Oromocto, New Brunswick",3.8,2.9,1,1.8,3.5,1.7
2013,"Gaspésie-Îles-de-la-Madeleine, Quebec",1.7,1.6,,1.7,,
2013,"Halifax, Nova Scotia",9.9,5.4,4.8,6.7,11.8,7.5
2013,"Hamilton-Niagara Peninsula, Ontario",30.9,28.2,14.1,23.7,29.4,22.5
2013,"Interlake, Manitoba",1.9,2.4,1.1,1.1,2,1.2
2013,"Kingston-Pembroke, Ontario",12.1,8.8,4.6,7.9,8.8,5.8
2013,"Kitchener-Waterloo-Barrie, Ontario",32.6,24.9,13.9,21.6,29.7,23.4
2013,"Kootenay, British Columbia",,4.5,2.5,3.6,2.8,3
2013,"Lanaudière, Quebec",9.7,10.3,8.3,9.4,11.2,7.1
2013,"Laurentides, Quebec",11.1,12.8,10.3,10.3,12.3,7.7
2013,"Laval, Quebec",8.9,6.2,6.8,8.3,12.4,8.7
2013,"Lethbridge-Medicine Hat, Alberta",5.2,6.8,1.6,4.3,5.5,2.7
2013,"London, Ontario",12.3,12.2,7.8,11,13.8,8.1
2013,"Lower Mainland-Southwest, British Columbia",55.1,50.9,29.2,50,67.1,54
2013,Manitoba,22.8,26.4,17.4,18,30,16.8
2013,"Mauricie, Quebec",5.3,4.7,3.6,4.5,3.9,2.5
2013,"Moncton-Richibucto, New Brunswick",3.9,4.6,1.9,4.6,6.2,3.5
2013,"Montréal, Quebec",50.5,21.8,33.2,39.2,43.6,33.6
2013,"Montérégie, Quebec",26.4,34,27.7,20,39.6,25.2
2013,"Muskoka-Kawarthas, Ontario",5.5,6.4,3.5,5.7,5.9,4.5
2013,New Brunswick,14.7,16.6,6.7,11,17.3,10.9
2013,Newfoundland and Labrador,10.2,9.6,4.6,7.7,12.2,6.7
2013,"North Coast and Nechako, British Columbia",2,2,,,1.8,
2013,"North Shore, Nova Scotia",2.9,3.3,1.6,2.1,3.3,1.5
2013,"Northeast, British Columbia",,2.9,,,1.8,1.7
2013,"Northeast, Ontario",10.3,13.3,6.7,7.1,13.1,6.8
2013,"Northwest, Ontario",4.8,4.5,2.9,3.2,5.5,2.3
2013,Nova Scotia,19,15.4,9.4,14,20.9,13.6
2013,Ontario,285.4,232.8,150.6,222.5,336.5,225.7
2013,"Ottawa, Ontario",30.9,15.4,16.6,21.8,39.2,21.6
2013,"Outaouais, Quebec",10.2,6.3,6.1,5.6,12.4,3.9
2013,"Parklands and North, Manitoba",1.3,2.2,1.4,1.2,1.4,0.7
2013,"Prince Albert and Northern, Saskatchewan",4.2,4.7,2.8,2.8,4.7,3.2
2013,Prince Edward Island,3.4,3,2,2.4,4,1.7
2013,Quebec,178.4,151.8,138,128,183.9,115.9
2013,"Red Deer, Alberta",2.2,5,2,2.7,5.7,4.6
2013,"Regina-Moose Mountain, Saskatchewan",5.8,6.3,4.4,4.7,9.2,6.6
2013,"Saguenay-Lac-Saint-Jean, Quebec",5.9,7,4.7,3,4.1,2.5
2013,"Saint John-St. Stephen, New Brunswick",3.6,3.7,1.4,2.1,3.9,3.1
2013,Saskatchewan,22.1,24.6,12.2,16.1,25.9,17.2
2013,"Saskatoon-Biggar, Saskatchewan",8.8,8.6,3.1,6.3,9.5,4.8
2013,"South Central and North Central, Manitoba",1.7,3.3,1.5,1.7,1.7,1
2013,"South Coast-Burin Peninsula and Notre Dame-Central Bonavista Bay, Newfoundland and Labrador",2.3,4,1,2,2.2,1.2
2013,"Southeast, Manitoba",1.8,3.6,1.2,1.8,2.4,1.5
2013,"Southern, Nova Scotia",1.7,1.7,0.8,1.5,1.3,1.3
2013,"Southwest, Manitoba",2.1,2.7,1.8,1.8,2,1.8
2013,"Stratford-Bruce Peninsula, Ontario",4.9,6.4,3.4,5.4,5.9,3.8
2013,"Swift Current-Moose Jaw, Saskatchewan",1.8,2.6,1,1.3,1.6,1.2
2013,"Thompson-Okanagan, British Columbia",8.3,8,5.5,10.8,9.7,8.6
2013,"Toronto, Ontario",127.7,100.8,70.9,105.2,173.6,118.3
2013,"Vancouver Island and Coast, British Columbia",13.1,12.5,8,14.8,15.2,10.1
2013,"West Coast-Northern Peninsula-Labrador, Newfoundland and Labrador",2,2.2,0.7,1.4,2.2,1.2
2013,"Windsor-Sarnia, Ontario",13.3,12,6.3,9.9,11.6,8.5
2013,"Winnipeg, Manitoba",14,12.1,10.3,10.4,20.5,10.7
2013,"Wood Buffalo-Cold Lake, Alberta",2.1,7,1.5,1.7,3.6,1.8
2013,"Yorkton-Melville, Saskatchewan",1.5,2.3,0.9,1.1,0.9,1.6
2014,"Abitibi-Témiscamingue, Quebec",2.9,4.2,2.8,1.9,3.4,3.1
2014,Alberta,67,100.1,40.8,62.9,100.2,70.8
2014,"Annapolis Valley, Nova Scotia",2.5,2.8,1.3,2.3,2.2,2.1
2014,"Avalon Peninsula, Newfoundland and Labrador",5.8,4.4,3,4.1,6.1,4.7
2014,"Banff-Jasper-Rocky Mountain House and Athabasca-Grande Prairie-Peace River, Alberta",4.6,13.2,3.6,6.3,7.9,5.2
2014,"Bas-Saint-Laurent, Quebec",3.5,4.6,4.1,3,3.1,1.6
2014,British Columbia,85.8,86.5,51.1,74.3,112.9,78.6
2014,"Calgary, Alberta",23.7,28.4,16.3,24.4,37.6,27.9
2014,"Campbellton-Miramichi, New Brunswick",2.6,2.8,0.9,1.7,2.4,1.4
2014,"Camrose-Drumheller, Alberta",2.9,5.3,1.8,3.5,4.5,2.5
2014,Canada,698.4,667.9,432.4,553,812.9,561.5
2014,"Cape Breton, Nova Scotia",2.5,2.5,0.8,1.6,1.9,1.4
2014,"Capitale-Nationale, Quebec",19.3,12.4,11.2,10.6,14,12.4
2014,"Cariboo, British Columbia",3.6,4,2,3.4,3.4,2.2
2014,"Centre-du-Québec, Quebec",4,6.9,5.6,1.8,2.8,2.8
2014,"Chaudière-Appalaches, Quebec",6.4,9.8,8.7,5.9,8.8,6.8
2014,"Côte-Nord and Nord-du-Québec, Quebec",2,3.1,,1.8,1.6,
2014,"Edmonton, Alberta",26.2,35.5,13.3,19.2,33.2,23.6
2014,"Edmundston-Woodstock, New Brunswick",1.2,2.3,0.5,1.2,1.1,0.8
2014,"Estrie, Quebec",8.4,5.6,4.8,4.5,5.8,4.1
2014,"Fredericton-Oromocto, New Brunswick",4.2,1.9,1.1,1.9,3.7,1.4
2014,"Gaspésie-Îles-de-la-Madeleine, Quebec",2.3,1.8,,,,
2014,"Halifax, Nova Scotia",9.2,6.5,5.7,7.6,12,7.6
2014,"Hamilton-Niagara Peninsula, Ontario",29.1,25.8,12.5,26.2,31.2,25.5
2014,"Interlake, Manitoba",1.7,2.7,1.2,1.7,2.5,1.1
2014,"Kingston-Pembroke, Ontario",9.4,10.9,4.4,6.7,7.9,7.3
2014,"Kitchener-Waterloo-Barrie, Ontario",29,28.6,15.8,20.6,29.6,23.4
2014,"Kootenay, British Columbia",2.1,3.2,,2.6,3.6,2
2014,"Lanaudière, Quebec",9.3,15.8,9.1,7.6,9.2,6.4
2014,"Laurentides, Quebec",8.8,16.7,8.8,9.7,10.8,10
2014,"Laval, Quebec",10.2,7.1,8.3,11.9,11.3,7.3
2014,"Lethbridge-Medicine Hat, Alberta",3.4,6.4,2,3.9,7,5.8
2014,"London, Ontario",15.4,16.3,8.4,10.6,14.5,8.9
2014,"Lower Mainland-Southwest, British Columbia",55.4,54.5,30.1,49,78,52.2
2014,Manitoba,24.9,26.3,18.2,17.9,32.9,17.1
2014,"Mauricie, Quebec",5.3,5.2,5.1,3.5,5,2.2
2014,"Moncton-Richibucto, New Brunswick",4.4,4.3,2.7,2.8,5.5,4
2014,"Montréal, Quebec",44.8,23.1,29.9,33.3,45.3,31.9
2014,"Montérégie, Quebec",26.5,27.3,23.3,21.9,34.9,25.2
2014,"Muskoka-Kawarthas, Ontario",4.8,4.3,4.3,9.7,6.1,4.8
2014,New Brunswick,15.4,14.1,7,10.5,17.3,10.5
2014,Newfoundland and Labrador,9.9,9.8,4.7,6.7,10.3,7.7
2014,"North Coast and Nechako, British Columbia",1.5,2.1,,2,1.5,
2014,"North Shore, Nova Scotia",2.9,3.4,0.9,2.3,2.8,1.8
2014,"Northeast, British Columbia",,2.8,,,1.8,
2014,"Northeast, Ontario",11.5,12.2,7.5,7,12.5,6.4
2014,"Northwest, Ontario",4.2,5.4,3.3,3.3,5.8,2.4
2014,Nova Scotia,18.7,17.1,9.8,15.3,20.8,14.1
2014,Ontario,281.6,229.3,150.6,219.8,315.7,221.2
2014,"Ottawa, Ontario",30.2,17.9,18.8,20.1,31.9,18.4
2014,"Outaouais, Quebec",8.9,6.2,7.1,4.7,11.8,3.9
2014,"Parklands and North, Manitoba",1.8,1.9,1.1,1.3,1.6,0.7
2014,"Prince Albert and Northern, Saskatchewan",4,5.3,2,2.9,4.3,2.7
2014,Prince Edward Island,3.1,3.1,1.7,2.5,3.6,1.8
2014,Quebec,168.7,156.8,136,126.9,172.9,121.9
2014,"Red Deer, Alberta",3.9,5.1,2.6,4.1,5.5,4
2014,"Regina-Moose Mountain, Saskatchewan",5.9,7.6,4.6,5.2,10.6,6
2014,"Saguenay-Lac-Saint-Jean, Quebec",6.1,6.9,4.7,3.5,3.9,3.1
2014,"Saint John-St. Stephen, New Brunswick",2.9,2.8,1.8,2.9,4.6,2.8
2014,Saskatchewan,23.2,24.8,12.5,16.2,26.4,17.7
2014,"Saskatoon-Biggar, Saskatchewan",10.1,7.1,3.9,4.5,8.4,6
2014,"South Central and North Central, Manitoba",2.4,2.9,1.3,1.6,2.5,1.7
2014,"South Coast-Burin Peninsula and Notre Dame-Central Bonavista Bay, Newfoundland and Labrador",2.2,3.4,0.8,1.3,1.9,1.7
2014,"Southeast, Manitoba",2.2,2.8,1.6,1.7,2.2,1.1
2014,"Southern, Nova Scotia",1.7,1.9,1,1.6,1.9,1.2
2014,"Southwest, Manitoba",2,3,1.7,1.8,2.5,2.2
2014,"Stratford-Bruce Peninsula, Ontario",4,6.7,2.9,4.5,4.5,3.2
2014,"Swift Current-Moose Jaw, Saskatchewan",1.9,2.6,1.2,1.9,1.6,1.8
2014,"Thompson-Okanagan, British Columbia",7.2,9.6,6.1,5.2,11.7,8.4
2014,"Toronto, Ontario",131.8,88.2,65.7,102.6,160.8,112.9
2014,"Vancouver Island and Coast, British Columbia",15.2,10.3,10.2,11.6,12.9,12.4
2014,"West Coast-Northern Peninsula-Labrador, Newfoundland and Labrador",1.9,2,0.9,1.3,2.3,1.3
2014,"Windsor-Sarnia, Ontario",12.3,13,7,8.6,10.9,8
2014,"Winnipeg, Manitoba",14.8,13.1,11.3,9.8,21.6,10.3
2014,"Wood Buffalo-Cold Lake, Alberta",2.4,6.2,,,4.6,1.7
2014,"Yorkton-Melville, Saskatchewan",1.3,2.2,0.7,1.7,1.5,1.2
2015,"Abitibi-Témiscamingue, Quebec",2,4.1,2.6,1.7,3,1.9
2015,Alberta,73.8,104.2,43,67.3,100.4,61.3
2015,"Annapolis Valley, Nova Scotia",2.3,2.6,1.6,1.2,2.4,1.5
2015,"Avalon Peninsula, Newfoundland and Labrador",5.2,4.7,3.9,3.1,7.3,4.7
2015,"Banff-Jasper-Rocky Mountain House and Athabasca-Grande Prairie-Peace River, Alberta",5.4,14.8,2.2,7.6,6.6,5.3
2015,"Bas-Saint-Laurent, Quebec",4.5,4.1,2.5,2.7,3.6,1.6
2015,British Columbia,83.5,89.2,53.8,76.7,106.1,73.8
2015,"Calgary, Alberta",26.3,33.5,17.9,27.7,39.4,22.9
2015,"Campbellton-Miramichi, New Brunswick",1.7,2.7,1.1,1.7,2.8,1.6
2015,"Camrose-Drumheller, Alberta",3.1,5.7,,2.7,3.8,2.2
2015,Canada,732.8,664.2,439.1,556.6,796.5,549.8
2015,"Cape Breton, Nova Scotia",2,2.3,1.1,1.5,2,1.2
2015,"Capitale-Nationale, Quebec",17.2,10.4,14.2,8.3,17.1,13.2
2015,"Cariboo, British Columbia",2.4,4.4,1.6,2.6,2.7,2.6
2015,"Centre-du-Québec, Quebec",4.2,7.4,4.1,2.3,4.5,2.5
2015,"Chaudière-Appalaches, Quebec",8,8.7,6.3,5.1,9.9,5.3
2015,"Côte-Nord and Nord-du-Québec, Quebec",2.2,2.1,1.7,,,
2015,"Edmonton, Alberta",26.7,31.9,15.6,20.2,36.2,21.1
2015,"Edmundston-Woodstock, New Brunswick",1.3,2.5,0.7,0.8,1.2,0.7
2015,"Estrie, Quebec",6.2,6.1,5.2,4.3,5.1,3.3
2015,"Fredericton-Oromocto, New Brunswick",4.3,2.2,2.3,2,3.2,2.5
2015,"Gaspésie-Îles-de-la-Madeleine, Quebec",1.8,2.1,1.5,1.6,,
2015,"Halifax, Nova Scotia",9.7,6.8,5.3,7.5,12.2,9.2
2015,"Hamilton-Niagara Peninsula, Ontario",34.3,25.1,14.3,22.3,29.7,25.6
2015,"Interlake, Manitoba",1.1,2.8,1.1,1.7,1.8,1.3
2015,"Kingston-Pembroke, Ontario",9.2,6,5.4,6.7,8.6,5.9
2015,"Kitchener-Waterloo-Barrie, Ontario",34.7,25.2,16.5,22.3,28.8,22.8
2015,"Kootenay, British Columbia",1.5,4.1,,3.1,1.8,2.8
2015,"Lanaudière, Quebec",8.7,10,9.9,7.7,8.9,8
2015,"Laurentides, Quebec",10.2,15.1,11,9.9,9.5,10.7
2015,"Laval, Quebec",6.1,10.4,7.3,8.6,10.5,4.6
2015,"Lethbridge-Medicine Hat, Alberta",6,6.5,2.6,3.6,5.6,3.1
2015,"London, Ontario",15.6,12.1,7.3,9,11.4,10.1
2015,"Lower Mainland-Southwest, British Columbia",54.6,50.5,34.2,47,71.2,49.1
2015,Manitoba,26.4,27.5,18,16.7,33.3,18.5
2015,"Mauricie, Quebec",4.9,3.6,3.5,3.3,3.9,2.9
2015,"Moncton-Richibucto, New Brunswick",5.2,4.4,2.8,3.8,4.5,3.1
2015,"Montréal, Quebec",52.9,21.5,26.9,35,50.1,24.7
2015,"Montérégie, Quebec",32.3,28.9,24.8,20.8,31,23
2015,"Muskoka-Kawarthas, Ontario",6.9,8.9,4.8,6.5,6.7,5.4
2015,New Brunswick,15.1,14.9,8.5,10.6,15.9,10.5
2015,Newfoundland and Labrador,9.1,10.3,5.1,6.3,12.4,7.1
2015,"North Coast and Nechako, British Columbia",1.7,2.2,,1.5,2,
2015,"North Shore, Nova Scotia",3.1,2.9,1.3,2.6,2.6,2
2015,"Northeast, British Columbia",,3.6,,,1.7,
2015,"Northeast, Ontario",10.2,10.5,7.6,7.6,9.9,5.7
2015,"Northwest, Ontario",4.9,4.6,3.2,3.7,4.7,2.3
2015,Nova Scotia,19.1,16.3,10.3,14.3,21.4,15.7
2015,Ontario,303.1,226,154.3,223.4,302.4,234.7
2015,"Ottawa, Ontario",30.9,19.2,17.7,19,35.2,19.7
2015,"Outaouais, Quebec",9.8,6.1,7.2,5.7,11.3,4.3
2015,"Parklands and North, Manitoba",1.8,1.8,1.2,1,1.8,1
2015,"Prince Albert and Northern, Saskatchewan",3.9,4.8,2.6,2.7,4.3,2.3
2015,Prince Edward Island,2.9,2.7,1.6,2.6,3.4,2
2015,Quebec,176.7,147,132.1,121.7,175.4,110.7
2015,"Red Deer, Alberta",3.8,5.6,2.1,3.7,4.7,4.7
2015,"Regina-Moose Mountain, Saskatchewan",6.7,8,3.9,6.3,9.2,5.2
2015,"Saguenay-Lac-Saint-Jean, Quebec",5.9,6.7,3.4,3.9,4.6,2.8
2015,"Saint John-St. Stephen, New Brunswick",2.6,3.1,1.6,2.1,4,2.5
2015,Saskatchewan,23.2,26.1,12.3,17.1,26,15.6
2015,"Saskatoon-Biggar, Saskatchewan",9.3,8.7,4.5,5.3,8.9,5.4
2015,"South Central and North Central, Manitoba",2.9,2.2,1.2,1.7,2.3,1.3
2015,"South Coast-Burin Peninsula and Notre Dame-Central Bonavista Bay, Newfoundland and Labrador",2.2,3.2,0.6,2,2.6,1.3
2015,"Southeast, Manitoba",2.1,3.8,1.7,1.5,2.6,1.6
2015,"Southern, Nova Scotia",2,1.6,0.9,1.5,2.1,1.8
2015,"Southwest, Manitoba",2,2.6,1.2,1.2,2.1,1.7
2015,"Stratford-Bruce Peninsula, Ontario",4.6,7.3,3.7,5.6,4,2.7
2015,"Swift Current-Moose Jaw, Saskatchewan",2.3,2.5,0.8,1.5,1.7,1.4
2015,"Thompson-Okanagan, British Columbia",8.2,12.5,6.9,8.4,9,7.7
2015,"Toronto, Ontario",139.8,94.7,68.4,112.8,153.1,124.1
2015,"Vancouver Island and Coast, British Columbia",14.2,11.9,8.5,13.1,17.6,9.6
2015,"West Coast-Northern Peninsula-Labrador, Newfoundland and Labrador",1.7,2.5,0.6,1.2,2.6,1
2015,"Windsor-Sarnia, Ontario",12,12.3,5.3,7.9,10.4,10.4
2015,"Winnipeg, Manitoba",16.6,14.2,11.5,9.6,22.7,11.6
2015,"Wood Buffalo-Cold Lake, Alberta",2.5,6.2,,1.8,4,2
2015,"Yorkton-Melville, Saskatchewan",1,2.1,0.6,1.2,1.9,1.2
2016,"Abitibi-Témiscamingue, Quebec",2.6,3.7,2.6,2.8,1.6,2
2016,Alberta,85,94.5,46.1,61.5,84.9,71.7
2016,"Annapolis Valley, Nova Scotia",1.5,3,1.4,1.5,2.6,2.1
2016,"Avalon Peninsula, Newfoundland and Labrador",5.2,4.7,3,2.6,6.4,4.6
2016,"Banff-Jasper-Rocky Mountain House and Athabasca-Grande Prairie-Peace River, Alberta",6.1,12.9,2.9,5.3,7.9,5.5
2016,"Bas-Saint-Laurent, Quebec",4.4,4.1,4,3.2,1.9,2.5
2016,British Columbia,85.1,85.3,53.5,71.5,96.6,84.8
2016,"Calgary, Alberta",32.4,26,17,22.3,32.5,30.2
2016,"Campbellton-Miramichi, New Brunswick",2,3.2,0.9,1.7,1.8,1.8
2016,"Camrose-Drumheller, Alberta",2.1,4.8,1.8,2.3,3,1.6
2016,Canada,728.7,649.4,466.5,541,646.1,590.2
2016,"Cape Breton, Nova Scotia",2.5,1.9,1.1,1.1,1.9,1.2
2016,"Capitale-Nationale, Quebec",17.5,10.5,13.6,12.3,12.9,11.7
2016,"Cariboo, British Columbia",2.9,4.6,1.7,2,2.4,2.6
2016,"Centre-du-Québec, Quebec",5.3,4.2,5.5,2.1,3.2,2.2
2016,"Chaudière-Appalaches, Quebec",8.3,6.8,8.6,5.4,4.3,6.1
2016,"Côte-Nord and Nord-du-Québec, Quebec",2.4,2.2,1.5,,,
2016,"Edmonton, Alberta",31.5,32.4,17.1,22.3,30.5,25.3
2016,"Edmundston-Woodstock, New Brunswick",1.5,2.7,0.6,1.2,1.3,0.8
2016,"Estrie, Quebec",7.8,5.3,5.4,4.4,3.1,3.2
2016,"Fredericton-Oromocto, New Brunswick",4.2,2.2,2,1.5,2.6,2.9
2016,"Gaspésie-Îles-de-la-Madeleine, Quebec",,1.6,,,,
2016,"Halifax, Nova Scotia",11.6,6.4,5.3,7.4,9,7.8
2016,"Hamilton-Niagara Peninsula, Ontario",31,28,17.2,21.5,25.4,23.2
2016,"Interlake, Manitoba",1.1,2.8,1.7,1.2,1.4,0.9
2016,"Kingston-Pembroke, Ontario",14.1,6.5,4.9,7.7,6.9,8.6
2016,"Kitchener-Waterloo-Barrie, Ontario",34.6,24.7,13.3,19.5,25.9,24.2
2016,"Kootenay, British Columbia",1.8,3.8,1.5,2.5,1.8,1.6
2016,"Lanaudière, Quebec",8.8,13.7,10.1,6.5,5.9,9
2016,"Laurentides, Quebec",14,12.6,11.5,8.5,8.2,7.6
2016,"Laval, Quebec",9.3,8.4,9.9,9.7,9.1,7.5
2016,"Lethbridge-Medicine Hat, Alberta",6.8,7.9,3.7,3.9,5,4
2016,"London, Ontario",16.1,13.7,7.7,8,11,9.5
2016,"Lower Mainland-Southwest, British Columbia",56.7,49.6,34,45.1,63.9,58.9
2016,Manitoba,24.6,25.1,20,15.2,27.5,18.2
2016,"Mauricie, Quebec",5.7,4.6,4.3,5.2,3.5,2.8
2016,"Moncton-Richibucto, New Brunswick",4.7,4.4,2.5,3.5,4.7,3.8
2016,"Montréal, Quebec",46.1,21,29.6,34.6,32.8,33.1
2016,"Montérégie, Quebec",25.2,32.5,25,22.3,25.7,24.2
2016,"Muskoka-Kawarthas, Ontario",7.2,8.2,6.1,6.5,7.1,4.5
2016,New Brunswick,14.7,15.7,8.2,10.4,13.9,12.6
2016,Newfoundland and Labrador,7.7,9.4,4.1,5.9,10.2,6.8
2016,"North Coast and Nechako, British Columbia",,1.8,,1.5,1.5,
2016,"North Shore, Nova Scotia",3.2,2.5,2.2,1.8,2.5,2.5
2016,"Northeast, British Columbia",,2.5,,,1.7,
2016,"Northeast, Ontario",10.1,14.2,6.4,8.7,10.5,8.1
2016,"Northwest, Ontario",5.2,3.9,3.2,3.3,3.8,3.1
2016,Nova Scotia,20,15.6,10.9,13.8,17.7,15.4
2016,Ontario,293.5,235.3,164,218.2,251.3,242
2016,"Ottawa, Ontario",31.1,19.1,19.7,16.7,22.5,20.8
2016,"Outaouais, Quebec",9.8,6,6.4,4.3,6.2,4.1
2016,"Parklands and North, Manitoba",1.1,1.4,1.1,0.7,1.3,1
2016,"Prince Albert and Northern, Saskatchewan",3.8,4.7,2.3,2.9,3,2.4
2016,Prince Edward Island,2.9,2.8,1.9,1.9,2.8,1.9
2016,Quebec,173.1,142.1,144.3,126.3,122.5,120.4
2016,"Red Deer, Alberta",4.2,5,2.1,3.5,3,3.1
2016,"Regina-Moose Mountain, Saskatchewan",6.5,7,5.7,5,7.6,6
2016,"Saguenay-Lac-Saint-Jean, Quebec",4.7,5.1,5,2.9,2.6,2.7
2016,"Saint John-St. Stephen, New Brunswick",2.4,3.1,2.2,2.5,3.6,3.3
2016,Saskatchewan,22.1,23.7,13.6,16.3,18.8,16.5
2016,"Saskatoon-Biggar, Saskatchewan",9,8.3,4,5.9,5.9,6
2016,"South Central and North Central, Manitoba",2.7,2.7,1.8,1.1,1.9,1.6
2016,"South Coast-Burin Peninsula and Notre Dame-Central Bonavista Bay, Newfoundland and Labrador",1.5,2.7,0.5,2,1.9,1
2016,"Southeast, Manitoba",2.1,2.3,1.7,1.1,2.1,2
2016,"Southern, Nova Scotia",1.1,1.7,0.9,1.9,1.7,1.8
2016,"Southwest, Manitoba",1.8,2.5,1.8,1.9,1.9,1.6
2016,"Stratford-Bruce Peninsula, Ontario",3.8,5.3,3.6,6.1,4,5.4
2016,"Swift Current-Moose Jaw, Saskatchewan",1.9,1.8,0.8,1.6,1.2,1.2
2016,"Thompson-Okanagan, British Columbia",9.8,11,4.9,7,10.9,8.5
2016,"Toronto, Ontario",129.4,99,75.6,113,124.3,128.5
2016,"Vancouver Island and Coast, British Columbia",11.1,12,10,12.4,14.4,10.8
2016,"West Coast-Northern Peninsula-Labrador, Newfoundland and Labrador",1.1,2,0.6,1.2,2,1.2
2016,"Windsor-Sarnia, Ontario",10.8,12.7,6.4,7.4,9.8,6.2
2016,"Winnipeg, Manitoba",15.7,13.4,11.9,9.2,18.9,11.1
2016,"Wood Buffalo-Cold Lake, Alberta",2.1,5.5,1.6,1.9,2.9,2
2016,"Yorkton-Melville, Saskatchewan",0.9,1.8,0.8,0.9,1.2,0.9
2017,"Abitibi-Témiscamingue, Quebec",3.6,3.9,2.7,1.7,1.9,1.8
2017,Alberta,80.1,101.4,45.1,65,73.6,72.9
2017,"Annapolis Valley, Nova Scotia",1.9,2.5,1.7,2.1,1.7,1.6
2017,"Avalon Peninsula, Newfoundland and Labrador",5.4,4,2.8,3.5,5.6,4.7
2017,"Banff-Jasper-Rocky Mountain House and Athabasca-Grande Prairie-Peace River, Alberta",4.4,13.9,3.7,6,6.4,5
2017,"Bas-Saint-Laurent, Quebec",4,4.7,3.1,2.2,,1.6
2017,British Columbia,85.1,79.8,59.9,75,84.8,98.8
2017,"Calgary, Alberta",30,32.1,16.6,24.9,27.6,30.7
2017,"Campbellton-Miramichi, New Brunswick",2.4,2.8,1.4,2.3,1.7,2
2017,"Camrose-Drumheller, Alberta",4.1,6.5,1.8,1.8,2.4,3.3
2017,Canada,721.1,669.5,466.9,544.5,637,641.6
2017,"Cape Breton, Nova Scotia",2.3,2,1,1,1.6,1.1
2017,"Capitale-Nationale, Quebec",20.1,12.3,12.2,11.5,9.2,12.7
2017,"Cariboo, British Columbia",2.7,4.6,2.5,1.6,3.3,2.5
2017,"Centre-du-Québec, Quebec",5.7,7.1,2.4,3.4,3.1,2.9
2017,"Chaudière-Appalaches, Quebec",9.2,9.5,6.8,5.6,4.1,6.6
2017,"Côte-Nord and Nord-du-Québec, Quebec",2.6,3,2,,,1.5
2017,"Edmonton, Alberta",30.4,31.7,15.7,22.8,26.7,24.6
2017,"Edmundston-Woodstock, New Brunswick",1.4,2,0.9,0.9,1.1,0.8
2017,"Estrie, Quebec",6.5,6.4,5.7,3.5,3.8,3.4
2017,"Fredericton-Oromocto, New Brunswick",3.4,2.6,2,1.4,2.1,2.4
2017,"Gaspésie-Îles-de-la-Madeleine, Quebec",1.8,,,,,
2017,"Halifax, Nova Scotia",10.4,6.7,4.8,7.4,9.6,9.6
2017,"Hamilton-Niagara Peninsula, Ontario",30,23.8,19.1,22.1,25.1,27.2
2017,"Interlake, Manitoba",1.4,2.5,1.1,1.5,1.7,1.4
2017,"Kingston-Pembroke, Ontario",12.2,5.5,6.8,6.7,7.2,5.2
2017,"Kitchener-Waterloo-Barrie, Ontario",29.6,24.5,16.8,23.5,22,27
2017,"Kootenay, British Columbia",1.7,2.1,,2.8,2.1,2.1
2017,"Lanaudière, Quebec",7.8,12.4,11.5,7.4,6.5,7.2
2017,"Laurentides, Quebec",10.9,10,7.4,8.4,6.9,12.6
2017,"Laval, Quebec",8,9.3,7.9,9.6,9.9,5.6
2017,"Lethbridge-Medicine Hat, Alberta",4.6,6.4,3.5,4.2,4.3,3.6
2017,"London, Ontario",13.1,14.5,7.9,7.6,12.7,11.2
2017,"Lower Mainland-Southwest, British Columbia",56.9,48.7,40,48.4,53.9,67.3
2017,Manitoba,25.4,26.2,21,17,25.2,21.6
2017,"Mauricie, Quebec",5.7,4.8,5,3.5,3.5,3.6
2017,"Moncton-Richibucto, New Brunswick",4.7,4.3,2.6,3.5,4.6,4.5
2017,"Montréal, Quebec",56.2,26.6,26.8,39.3,34.2,28.9
2017,"Montérégie, Quebec",28.9,31.7,26.8,21.5,19,23.2
2017,"Muskoka-Kawarthas, Ontario",5.3,10.7,4.3,5.9,7,7.2
2017,New Brunswick,15.3,13.6,9,10.7,13.2,13.3
2017,Newfoundland and Labrador,8.7,9.3,4.3,6.6,8.4,7.4
2017,"North Coast and Nechako, British Columbia",1.5,2.1,,,,
2017,"North Shore, Nova Scotia",3.1,3.1,1.7,2.5,3.3,1.9
2017,"Northeast, British Columbia",,2.6,,,1.6,
2017,"Northeast, Ontario",10.8,13,8,7,10.3,7.8
2017,"Northwest, Ontario",4.9,4.8,3.3,2.6,4.6,2.7
2017,Nova Scotia,19.5,16.1,10.1,15.2,17.2,15.6
2017,Ontario,276.9,240.1,168.2,208.9,279.9,271.1
2017,"Ottawa, Ontario",34.5,19.4,18.3,16.3,31,24.6
2017,"Outaouais, Quebec",9.3,6.5,8.1,4.7,7.2,5.4
2017,"Parklands and North, Manitoba",1.7,1.2,1.2,1.2,1,0.8
2017,"Prince Albert and Northern, Saskatchewan",3.3,5.1,2.4,2.7,3.1,2.9
2017,Prince Edward Island,2.9,3.1,1.8,2.4,2.9,2.1
2017,Quebec,185.9,154.9,135.4,127.8,114.7,121.5
2017,"Red Deer, Alberta",3.7,5.3,2.6,3.7,3,3.3
2017,"Regina-Moose Mountain, Saskatchewan",5.5,7,4.5,5.8,5.8,6.2
2017,"Saguenay-Lac-Saint-Jean, Quebec",5.6,5.2,5.5,3.5,2.4,3.8
2017,"Saint John-St. Stephen, New Brunswick",3.4,2,2.1,2.6,3.8,3.5
2017,Saskatchewan,21.3,25,12,16,17.2,17.3
2017,"Saskatoon-Biggar, Saskatchewan",10.2,8.3,3.7,5.3,6,5.9
2017,"South Central and North Central, Manitoba",1.8,3.5,1.3,1.2,1.5,2.4
2017,"South Coast-Burin Peninsula and Notre Dame-Central Bonavista Bay, Newfoundland and Labrador",1.7,3.1,0.9,1.8,1.6,1.2
2017,"Southeast, Manitoba",2.5,2.9,1.9,1.6,2.3,1.8
2017,"Southern, Nova Scotia",1.8,1.8,0.9,2.4,1.1,1.4
2017,"Southwest, Manitoba",1.9,2.6,2.1,1.5,1.9,1.6
2017,"Stratford-Bruce Peninsula, Ontario",4.3,6.8,3.5,4,2.7,5.7
2017,"Swift Current-Moose Jaw, Saskatchewan",1.4,2.1,0.9,1.5,1.6,1.3
2017,"Thompson-Okanagan, British Columbia",7.9,9.6,4.9,9.2,10,11.1
2017,"Toronto, Ontario",121.1,107,73.3,105.2,145.8,143.6
2017,"Vancouver Island and Coast, British Columbia",13.3,10.1,9.7,10.7,12.6,13.5
2017,"West Coast-Northern Peninsula-Labrador, Newfoundland and Labrador",1.6,2.2,0.6,1.2,1.2,1.4
2017,"Windsor-Sarnia, Ontario",11.2,10.1,6.8,8,11.4,9
2017,"Winnipeg, Manitoba",16.1,13.6,13.4,9.9,16.8,13.5
2017,"Wood Buffalo-Cold Lake, Alberta",2.8,5.4,,1.7,3.2,2.4
2017,"Yorkton-Melville, Saskatchewan",0.8,2.5,0.5,0.7,0.8,0.9
2018,"Abitibi-Témiscamingue, Quebec",3.4,5.1,2.6,1.8,1.8,2
2018,Alberta,89.5,98.3,42.9,65.6,85.7,77.6
2018,"Annapolis Valley, Nova Scotia",2.2,2.1,1.1,2.8,1.7,2.5
2018,"Avalon Peninsula, Newfoundland and Labrador",4.9,4.9,2.8,3.3,5.8,5.1
2018,"Banff-Jasper-Rocky Mountain House and Athabasca-Grande Prairie-Peace River, Alberta",5.2,15.4,2.9,6.8,7,6.3
2018,"Bas-Saint-Laurent, Quebec",3.7,5.3,3.9,2.9,2.1,2.2
2018,British Columbia,80.8,86.4,52.2,76.3,91.1,98.6
2018,"Calgary, Alberta",31.3,30.3,17.4,26.3,29.3,29.5
2018,"Campbellton-Miramichi, New Brunswick",2.3,2.8,1.1,1.4,2.9,1.7
2018,"Camrose-Drumheller, Alberta",3.1,5.1,,2.3,4.3,3.9
2018,Canada,755.3,704.7,450.1,559.1,680,661.2
2018,"Cape Breton, Nova Scotia",1.8,1.9,1,0.9,1.9,1.2
2018,"Capitale-Nationale, Quebec",22.6,13.1,10.2,12,11,14.1
2018,"Cariboo, British Columbia",2.8,4.3,1.6,1.8,3.7,2.4
2018,"Centre-du-Québec, Quebec",3,4.4,4.6,2.6,3.6,4.9
2018,"Chaudière-Appalaches, Quebec",8.4,10.1,6.9,4.7,5.3,6.7
2018,"Côte-Nord and Nord-du-Québec, Quebec",3.3,2.1,2.2,,,
2018,"Edmonton, Alberta",37.9,30.4,14.5,21.3,32.8,26.6
2018,"Edmundston-Woodstock, New Brunswick",1.9,2.3,0.5,0.8,1.2,1
2018,"Estrie, Quebec",8.4,5.8,6.2,4.4,3.7,4.2
2018,"Fredericton-Oromocto, New Brunswick",3.3,2.3,1.9,2.1,2.7,2.5
2018,"Gaspésie-Îles-de-la-Madeleine, Quebec",2.5,1.6,1.6,,,
2018,"Halifax, Nova Scotia",11.8,6.7,5,7.9,9.6,8.6
2018,"Hamilton-Niagara Peninsula, Ontario",34.4,28.7,14.7,22.6,21.9,28.6
2018,"Interlake, Manitoba",1.7,2,0.8,1.8,1.9,1.5
2018,"Kingston-Pembroke, Ontario",9.7,7.6,5.2,6.8,7,9.6
2018,"Kitchener-Waterloo-Barrie, Ontario",31.8,22.3,18.3,18.6,22.8,22.9
2018,"Kootenay, British Columbia",2.1,2.6,1.6,2,2.4,2.4
2018,"Lanaudière, Quebec",14.4,11.2,6.7,5.4,6.3,8.5
2018,"Laurentides, Quebec",11.8,11.4,12.2,8.7,9.8,15.9
2018,"Laval, Quebec",9,14.7,7.3,5.4,9.7,7.8
2018,"Lethbridge-Medicine Hat, Alberta",4.7,5.3,3.3,4,5.1,4.8
2018,"London, Ontario",14.3,15.1,7.1,6.5,14.5,11.5
2018,"Lower Mainland-Southwest, British Columbia",50.6,52.2,32.5,50.2,56.4,66.2
2018,Manitoba,25,28.7,17.6,16.2,26.2,18.9
2018,"Mauricie, Quebec",4.8,6.6,3.3,3.7,2.1,3.1
2018,"Moncton-Richibucto, New Brunswick",3.8,3.9,2.9,3,5,3.8
2018,"Montréal, Quebec",46.8,27.8,35.6,38.1,34.8,37.9
2018,"Montérégie, Quebec",31.4,31.7,25,24.4,24.7,24.1
2018,"Muskoka-Kawarthas, Ontario",7.5,9.5,5.1,5,8.2,7
2018,New Brunswick,14.6,14.2,8.3,9.9,14.6,12.2
2018,Newfoundland and Labrador,9.8,11.6,4.5,5.8,9.4,7.7
2018,"North Coast and Nechako, British Columbia",1.6,2.5,,,1.6,
2018,"North Shore, Nova Scotia",3.9,2.9,1,2.3,2,2.5
2018,"Northeast, British Columbia",,2.9,,,,
2018,"Northeast, Ontario",11.4,12.3,8.3,7.7,10.8,7.6
2018,"Northwest, Ontario",4.4,5,4.2,2.7,3.9,3
2018,Nova Scotia,21.6,15.8,8.5,15.4,17.1,16.4
2018,Ontario,299.6,259.4,160.4,226.1,288,267.1
2018,"Ottawa, Ontario",32.2,22.8,19.1,16,24,23.5
2018,"Outaouais, Quebec",10,8.3,7.5,4.5,6.6,4.6
2018,"Parklands and North, Manitoba",1.6,1.6,1.3,1.2,1.4,0.9
2018,"Prince Albert and Northern, Saskatchewan",4.6,4.5,2.3,3.4,3.1,3.5
2018,Prince Edward Island,3,2.6,1.9,2.3,2.3,2.4
2018,Quebec,189.1,164.4,141,125,125.7,141
2018,"Red Deer, Alberta",4.2,5.7,2.5,3.3,3.9,4.3
2018,"Regina-Moose Mountain, Saskatchewan",7.1,7.1,4.8,4.5,6.6,6
2018,"Saguenay-Lac-Saint-Jean, Quebec",5.6,5.2,5.1,3.7,2.3,3.1
2018,"Saint John-St. Stephen, New Brunswick",3.4,3,2,2.5,2.8,3.2
2018,Saskatchewan,22.3,23.3,12.8,16.6,19.9,19.3
2018,"Saskatoon-Biggar, Saskatchewan",7.9,7.5,4.3,6.5,7.3,7.2
2018,"South Central and North Central, Manitoba",1.7,2.8,1.1,1.1,1.8,1.6
2018,"South Coast-Burin Peninsula and Notre Dame-Central Bonavista Bay, Newfoundland and Labrador",2.5,3.9,0.6,1.8,2,1.3
2018,"Southeast, Manitoba",2.2,4.1,1.9,1.1,1.8,1.6
2018,"Southern, Nova Scotia",1.8,2.2,,1.6,2,1.7
2018,"Southwest, Manitoba",2.3,2.7,1.1,1.7,1.6,1.6
2018,"Stratford-Bruce Peninsula, Ontario",5.2,10.3,3.6,6,4.1,4.4
2018,"Swift Current-Moose Jaw, Saskatchewan",1.7,2.5,0.9,1.4,1.2,1.5
2018,"Thompson-Okanagan, British Columbia",8.3,10.1,5.2,8.1,11.2,9.7
2018,"Toronto, Ontario",135.2,114.7,69.6,127.5,160.8,140.8
2018,"Vancouver Island and Coast, British Columbia",14.3,11.8,9.5,12,14.4,15.5
2018,"West Coast-Northern Peninsula-Labrador, Newfoundland and Labrador",2.4,2.8,1.1,0.7,1.6,1.4
2018,"Windsor-Sarnia, Ontario",13.6,11.2,5.3,6.6,10,8.3
2018,"Winnipeg, Manitoba",15.6,15.4,11.4,9.4,17.7,11.6
2018,"Wood Buffalo-Cold Lake, Alberta",3.1,6,,1.6,3.3,2.2
2018,"Yorkton-Melville, Saskatchewan",1,1.7,0.5,0.8,1.8,1
2019,"Abitibi-Témiscamingue, Quebec",3.7,4.5,2.9,2.5,1.7,2.4
2019,Alberta,82.2,104.9,41.8,51.9,83.9,78.4
2019,"Annapolis Valley, Nova Scotia",2.1,2.2,1,1.9,2.3,2.2
2019,"Avalon Peninsula, Newfoundland and Labrador",6.3,4.2,1.9,2.9,5.7,4.1
2019,"Banff-Jasper-Rocky Mountain House and Athabasca-Grande Prairie-Peace River, Alberta",5.1,13.8,2.2,5.9,6.1,5.2
2019,"Bas-Saint-Laurent, Quebec",5.2,5.3,2.6,3.2,1.6,3.5
2019,British Columbia,85.6,87.6,57.3,95,94.9,98.2
2019,"Calgary, Alberta",30.1,33.8,16.3,18.6,32.2,31.5
2019,"Campbellton-Miramichi, New Brunswick",2.3,3.1,1.3,1,2.5,1.6
2019,"Camrose-Drumheller, Alberta",2.4,6.9,,2,3.9,2.7
2019,Canada,766.2,744.7,475.6,557,633.8,663.1
2019,"Cape Breton, Nova Scotia",2.8,2,0.9,1.6,1.7,1.2
2019,"Capitale-Nationale, Quebec",17,13.9,13.3,8.9,12.1,13.3
2019,"Cariboo, British Columbia",2.4,5,1.5,1.9,2.7,3.1
2019,"Centre-du-Québec, Quebec",5.6,7,5.4,2.5,2.1,2.4
2019,"Chaudière-Appalaches, Quebec",8.3,10.2,8.4,5.8,4.7,6.2
2019,"Côte-Nord and Nord-du-Québec, Quebec",2.7,2.2,2.2,,,
2019,"Edmonton, Alberta",33.7,34.6,15.7,18.3,31.9,28.3
2019,"Edmundston-Woodstock, New Brunswick",1.3,2.3,0.9,0.7,1.1,1
2019,"Estrie, Quebec",9.7,5.2,5.2,4,3.5,4.1
2019,"Fredericton-Oromocto, New Brunswick",3.7,2.3,1.8,1.8,2.5,1.7
2019,"Gaspésie-Îles-de-la-Madeleine, Quebec",1.7,1.5,,,,
2019,"Halifax, Nova Scotia",10.8,6.7,5.1,6.2,11.1,9.8
2019,"Hamilton-Niagara Peninsula, Ontario",31.5,30.5,15.6,23.8,24.9,32.2
2019,"Interlake, Manitoba",1.9,2.1,1.2,1.1,1.5,1.2
2019,"Kingston-Pembroke, Ontario",10,7.6,5.8,5.7,7.9,8
2019,"Kitchener-Waterloo-Barrie, Ontario",35.8,32,17.4,22.6,26,25.5
2019,"Kootenay, British Columbia",2.7,2.7,1.6,2.5,2.2,2.2
2019,"Lanaudière, Quebec",11.2,13.3,9.3,8.4,6.1,8.4
2019,"Laurentides, Quebec",16.1,8.7,10.2,9.4,7.6,6.9
2019,"Laval, Quebec",7.2,11.3,7.6,5.9,5.7,6.6
2019,"Lethbridge-Medicine Hat, Alberta",6,5.9,2.6,3.2,3.8,5.7
2019,"London, Ontario",14.5,14.8,9.5,8.1,11.4,12.3
2019,"Lower Mainland-Southwest, British Columbia",57.1,51.3,37.6,64.6,63.8,65.6
2019,Manitoba,26.4,30.2,18.5,13.7,25.8,18.5
2019,"Mauricie, Quebec",4.5,5.8,4.4,3.1,3.4,3.4
2019,"Moncton-Richibucto, New Brunswick",4.3,4.2,2.2,3,4.9,4
2019,"Montréal, Quebec",53.7,27.2,34.4,39.4,27.5,38.8
2019,"Montérégie, Quebec",34.9,31.3,24.4,22.4,18.8,27.3
2019,"Muskoka-Kawarthas, Ontario",7,8.7,3.7,3.8,7,6.6
2019,New Brunswick,14.4,14.8,9.1,8.5,13.7,11.5
2019,Newfoundland and Labrador,9.5,10.1,3.4,5,9.2,5.9
2019,"North Coast and Nechako, British Columbia",,1.6,,1.6,,
2019,"North Shore, Nova Scotia",2.9,2.7,1.6,2.3,3.1,1.8
2019,"Northeast, British Columbia",,2.8,,,1.6,1.5
2019,"Northeast, Ontario",10.8,13.1,7.9,6.6,10.7,6.7
2019,"Northwest, Ontario",4.8,4.6,4,2.6,4.2,2.9
2019,Nova Scotia,20.5,15.1,9.2,13.2,19.5,16.4
2019,Ontario,303.7,295.2,177.7,226.2,260.4,281.4
2019,"Ottawa, Ontario",30.2,24.3,21.2,17.3,25.5,18.9
2019,"Outaouais, Quebec",10,8.5,6.7,5,6.4,5.3
2019,"Parklands and North, Manitoba",1.3,1.3,0.9,0.8,0.8,0.7
2019,"Prince Albert and Northern, Saskatchewan",4.4,4.4,2.8,2.9,2.5,2.9
2019,Prince Edward Island,3,3.2,1.9,2,2.7,2.1
2019,Quebec,197.8,161.4,141.8,126.2,104.7,132.8
2019,"Red Deer, Alberta",2.4,4.4,2.9,2.6,3.3,3
2019,"Regina-Moose Mountain, Saskatchewan",5.8,5.9,5.4,5.1,7.6,5.9
2019,"Saguenay-Lac-Saint-Jean, Quebec",6.2,5.7,3.6,3.1,2.1,2.7
2019,"Saint John-St. Stephen, New Brunswick",2.9,2.8,2.8,2.1,2.6,3.1
2019,Saskatchewan,23.1,22,15.1,15.4,19,18.1
2019,"Saskatoon-Biggar, Saskatchewan",10.4,7.6,5.1,5.8,6.4,6.4
2019,"South Central and North Central, Manitoba",1.7,3.3,1.3,1.6,1.5,1.3
2019,"South Coast-Burin Peninsula and Notre Dame-Central Bonavista Bay, Newfoundland and Labrador",1.6,3.2,0.6,1.2,2.1,1.2
2019,"Southeast, Manitoba",2.1,3.5,1.2,1.7,1.6,2.1
2019,"Southern, Nova Scotia",2,1.5,0.6,1.3,1.4,1.5
2019,"Southwest, Manitoba",2.6,2.3,1.5,0.7,1.8,2
2019,"Stratford-Bruce Peninsula, Ontario",4.8,7.5,3.2,4.8,5,4.3
2019,"Swift Current-Moose Jaw, Saskatchewan",1.4,2.5,0.6,1,1.6,1.9
2019,"Thompson-Okanagan, British Columbia",6.7,12.5,5.6,10,9.4,10.2
2019,"Toronto, Ontario",143.3,139.8,84.3,121.3,128.4,154.5
2019,"Vancouver Island and Coast, British Columbia",14.5,11.8,9.3,13.2,13.9,14.5
2019,"West Coast-Northern Peninsula-Labrador, Newfoundland and Labrador",1.6,2.6,0.9,0.9,1.4,0.6
2019,"Windsor-Sarnia, Ontario",10.9,12.3,5.1,9.6,9.6,9.5
2019,"Winnipeg, Manitoba",16.8,17.7,12.3,7.8,18.6,11.4
2019,"Wood Buffalo-Cold Lake, Alberta",2.5,5.5,1.6,,2.7,2
2019,"Yorkton-Melville, Saskatchewan",1.1,1.6,1.2,0.6,0.8,1
